Ticker,Name,Sector
20MICRONS,20 Microns Limited,Mining
360ONE,360 ONE WAM LIMITED,Finance
3IINFOLTD,3i Infotech Limited,COMPUTERS - SOFTWARE
3MINDIA,3M India Limited,Diversified Commercial Services
5PAISA,5Paisa Capital Limited,Financial Services
AARON,Aaron Industries Limited,INDUSTRIAL EQUIPMENT
AARTIDRUGS,Aarti Drugs Limited,Pharmaceuticals
AARTIIND,Aarti Industries Limited,Specialty Chemicals
AARTIPHARM,Aarti Pharmalabs Limited,Process Industries
AARVEEDEN,Aarvee Denims & Exports Limited,Textiles
AARVI,Aarvi Encon Limited,Diversified Commercial Services
AAVAS,Aavas Financiers Limited,Housing Finance Companies
ABB,ABB India Limited,Heavy Electrical Equipment
ABCAPITAL,Aditya Birla Capital Limited,Holding Companies
ABFRL,Aditya Birla Fashion and Retail Limited,Apparels & Accessories
ABMINTLLTD,ABM International Limited,Trading Companies & Distributors
ABSLAMC,Aditya Birla Sun Life AMC Limited,Asset Management Companies
ACC,ACC Limited,Cement & Cement Products
ACCELYA,Accelya Solutions India Limited,IT Consulting & Application Software
ACE,Action Construction Equipment Limited,Transport Related Services
ACEINTEG,Ace Integrated Solutions Limited,Technology Services
ACI,Archean Chemical Industries Limited,Process Industries
ADANIENT,Adani Enterprises Limited,Trading Companies & Distributors
ADANIGREEN,Adani Green Energy Limited,Electric Utilities
ADANIPORTS,Adani Ports and Special Economic Zone Limited,Marine Port & Services
ADFFOODS,ADF Foods Limited,Packaged Foods
ADORWELD,Ador Welding Limited, Industrial Goods
ADSL,Allied Digital Services Limited,IT Consulting & Application Software
ADVANIHOTR,Advani Hotels & Resorts (India) Limited,Hotels
ADVENZYMES,Advanced Enzyme Technologies Limited,Other Agricultural Products
AEGISCHEM,Aegis Logistics Limited,LOGISTICS SOLUTION PROVIDER
AETHER,Aether Industries Limited,Process Industries
AFFLE,Affle (India) Limited,Internet Software & Services
AGARIND,Agarwal Industrial Corporation Limited,Petrochemicals
AGI,AGI Greenpac Limited,Process Industries
AGRITECH,Agri-Tech (India) Limited,Other Agricultural Products
AGROPHOS,Agro Phos India Limited,FERTILIZERS
AHL,Abans Holdings Limited,Finance
AHLADA,Ahlada Engineers Limited,FURNITURE / HOME FURNISHING / FLOORING
AHLEAST,Asian Hotels (East) Limited,Hotels
AHLUCONT,Ahluwalia Contracts (India) Limited,Realty
AIAENG,AIA Engineering Limited, Industrial Goods
AIROLAM,Airo Lam limited,PLYWOOD BOARDS/ LAMINATES
AJANTPHARM,Ajanta Pharma Limited,Pharmaceuticals
AJMERA,Ajmera Realty & Infra India Limited,Realty
AKG,Akg Exim Limited,Trading Companies & Distributors
AKZOINDIA,Akzo Nobel India Limited,PAINTS
ALBERTDAVD,Albert David Limited,Pharmaceuticals
ALEMBICLTD,Alembic Limited,Pharmaceuticals
ALICON,Alicon Castalloy Limited,Auto Parts & Equipment
ALKALI,Alkali Metals Limited,Specialty Chemicals
ALKEM,Alkem Laboratories Limited,Pharmaceuticals
ALKYLAMINE,Alkyl Amines Chemicals Limited,Specialty Chemicals
ALLCARGO,Allcargo Logistics Limited,LOGISTICS SOLUTION PROVIDER
ALLSEC,Allsec Technologies Limited,BPO / ITeS
ALPA,Alpa Laboratories Limited,Biotechnology
ALPHAGEO,Alphageo (India) Limited,Oil Equipment & Services
AMBER,Amber Enterprises India Limited,Consumer Electronics
AMBICAAGAR,Ambica Agarbathies & Aroma industries Limited,Trading Companies & Distributors
AMBIKCO,Ambika Cotton Mills Limited,Textiles
AMBUJACEM,Ambuja Cements Limited,Cement & Cement Products
AMIORG,Ami Organics Limited,Pharmaceuticals
AMJLAND,Amj Land Holdings Limited,Realty
AMNPLST,Amines & Plasticizers Limited,Process Industries
AMRUTANJAN,Amrutanjan Health Care Limited,Pharmaceuticals
ANANDRATHI,Anand Rathi Wealth Limited,Financial Services
ANANTRAJ,Anant Raj Limited,Realty
ANDHRAPAP,ANDHRA PAPER LIMITED,Paper & Paper Products
ANDHRSUGAR,The Andhra Sugars Limited,Commodity Chemicals
ANGELONE,Angel One Limited,Financial Services
ANMOL,Anmol India Limited,Distributors
ANUP,The Anup Engineering Limited,Industrial Machinery
ANURAS,Anupam Rasayan India Limited,Specialty Chemicals
APARINDS,Apar Industries Limited,Other Electrical Equipment/ Products
APCL,Anjani Portland Cement Limited,Cement & Cement Products
APCOTEXIND,Apcotex Industries Limited, Industrial Goods
APEX,Apex Frozen Foods Limited,Packaged Foods
APLAPOLLO,APL Apollo Tubes Limited,IRON & STEEL PRODUCTS
APLLTD,Alembic Pharmaceuticals Limited,Pharmaceuticals
APOLLOHOSP,Apollo Hospitals Enterprise Limited,Healthcare  - Facilities
APOLLOPIPE,Apollo Pipes Limited,PLASTIC PRODUCTS
APOLLOTYRE,Apollo Tyres Limited,Tyres & Rubber Products
APOLSINHOT,Apollo Sindoori Hotels Limited,Hotels
APTECHT,Aptech Limited,IT Training Services
APTUS,Aptus Value Housing Finance India Limited,Housing Finance Companies
ARCHIDPLY,Archidply Industries Limited,Forest Products - PLY & BOARDS
ARENTERP,Rajdarshan Industries Limited,Construction & Engineering
ARIES,Aries Agro Limited,FERTILIZERS
ARIHANTCAP,Arihant Capital Markets Limited,STOCKBROKING AND ALLIED
ARIHANTSUP,Arihant Superstructures Limited,RESIDENTIAL/COMMERCIAL/SEZ Project
ARMANFIN,Arman Financial Services Limited,Fin COS (including NBFCs)
AROGRANITE,Aro Granite Industries Limited,GRANITES / MARBLES
ARROWGREEN,Arrow Greentech Limited,PLASTIC PRODUCTS
ARTEMISMED,Artemis Medicare Services Limited,Healthcare  - Services
ARVIND,Arvind Limited,Textiles
ARVINDFASN,Arvind Fashions Limited,Other Apparels & Accessories
ARVSMART,Arvind SmartSpaces Limited,Realty
ASAHIINDIA,Asahi India Glass Limited,GLASS
ASAHISONG,Asahi Songwon Colors Limited,DYES & PIGMENTS
ASAL,Automotive Stampings and Assemblies Limited,Auto Parts & Equipment
ASALCBR,Associated Alcohols & Breweries Ltd.,Breweries & Distilleries
ASHIANA,Ashiana Housing Limited,Realty
ASHIMASYN,Ashima Limited,Textiles
ASHOKA,Ashoka Buildcon Limited,Roads & Highways
ASHOKLEY,Ashok Leyland Limited,"Construction, Agricultural & Commercial Vehicles"
ASIANENE,Asian Energy Services Limited,Oil Equipment & Services
ASIANPAINT,Asian Paints Limited,PAINTS
ASIANTILES,Asian Granito India Limited,CERAMICS / GRANITES 
ASMS,Bartronics India Limited,Electronic Technology
ASPINWALL,Aspinwall and Company Limited,LOGISTICS SOLUTION PROVIDER
ASTEC,Astec LifeSciences Limited,Agrochemicals
ASTERDM,Aster DM Healthcare Limited,Healthcare  - Services
ASTRAL,Astral Limited,PLASTIC PRODUCTS
ASTRAMICRO,Astra Microwave Products Limited,Defence
ASTRAZEN,AstraZeneca Pharma India Limited,Pharmaceuticals
ATALREAL,Atal Realtech Limited,Consumer Durables
ATAM,Atam Valves Limited,Producer Manufacturing
ATFL,Agro Tech Foods Limited,Other Agricultural Products
ATGL,Adani Total Gas Limited,Oil Marketing & Distribution
ATUL,Atul Limited,Specialty Chemicals
ATULAUTO,Atul Auto Limited,2/3 Wheelers
AUBANK,AU Small Finance Bank Limited,BANKS - PVT
AUROPHARMA,Aurobindo Pharma Limited,Pharmaceuticals
AUSOMENT,Ausom Enterprise Limited,Trading Companies & Distributors
AUTOAXLES,Automotive Axles Limited,Auto Parts & Equipment
AUTOIND,Autoline Industries Limited,Auto Parts & Equipment
AVADHSUGAR,Avadh Sugar & Energy Limited,Sugar
AVANTIFEED,Avanti Feeds Limited,ANIMAL FEED
AVONMORE,Avonmore Capital & Management Services Limited,Finance
AVROIND,AVRO INDIA LIMITED,Consumer Durables
AVTNPL,AVT Natural Products Limited,Other Agricultural Products
AWHCL,Antony Waste Handling Cell Limited,"WASTE MANAGEMENT	"
AWL,Adani Wilmar Limited,Process Industries
AXISBANK,Axis Bank Limited,BANKS - PVT
AXISCADES,AXISCADES Technologies Limited,BPO / ITeS
AXITA,Axita Cotton Limited,Process Industries
AYMSYNTEX,AYM Syntex Limited,Textiles
BAIDFIN,Baid Finserv Limited,Finance
BAJAJCON,Bajaj Consumer Care Limited,Personal Products
BAJAJELEC,Bajaj Electricals Limited,Household Appliances
BAJAJFINSV,Bajaj Finserv Limited,Holding Companies
BAJAJHCARE,Bajaj Healthcare Limited,Pharmaceuticals
BAJAJHIND,Bajaj Hindusthan Sugar Limited,Sugar
BAJAJHLDNG,Bajaj Holdings & Investment Limited,Holding Companies
BAJFINANCE,Bajaj Finance Limited,Fin COS (including NBFCs)
BALAJITELE,Balaji Telefilms Limited,Broadcasting & Cable TV
BALAMINES,Balaji Amines Limited,Specialty Chemicals
BALAXI,BALAXI PHARMACEUTICALS LIMITED,Pharmaceuticals
BALKRISIND,Balkrishna Industries Limited,Tyres & Rubber Products
BALMLAWRIE,Balmer Lawrie & Company Limited,Containers & Packaging
BALPHARMA,Bal Pharma Limited,Pharmaceuticals
BALRAMCHIN,Balrampur Chini Mills Limited,Sugar
BANARBEADS,Banaras Beads Limited,Other Apparels & Accessories
BANARISUG,Bannari Amman Sugars Limited,Sugar
BANCOINDIA,Banco Products (I) Limited,Auto Parts & Equipment
BANDHANBNK,Bandhan Bank Limited,BANKS - PVT
BANKBARODA,Bank of Baroda,BANKS - PSU
BANKINDIA,Bank of India,BANKS - PSU
BANSWRAS,Banswara Syntex Limited,Textiles
BARBEQUE,Barbeque Nation Hospitality Limited,Restaurants
BASF,BASF India Limited,Specialty Chemicals
BASML,Bannari Amman Spinning Mills Limited,Textiles
BATAINDIA,Bata India Limited,Footwear
BBL,Bharat Bijlee Limited,Other Electrical Equipment/ Products
BBOX,Black Box Limited,IT Consulting & Application Software
BBTC,Bombay Burmah Trading Corporation Limited,Tea & Coffee
BBTCL,B&B Triplewall Containers Limited,Process Industries
BCG,Brightcom Group Limited,Software Products
BCLIND,Bcl Industries Limited,CONSUMER FOOD
BDL,Bharat Dynamics Limited,Defence
BECTORFOOD,Mrs. Bectors Food Specialities Limited,Packaged Foods
BEL,Bharat Electronics Limited,Defence
BEML,BEML Limited,"Construction, Agricultural & Commercial Vehicles"
BEPL,Bhansali Engineering Polymers Limited,Specialty Chemicals
BERGEPAINT,Berger Paints (I) Limited,PAINTS
BFINVEST,BF Investment Limited,Holding Companies
BFUTILITIE,BF Utilities Limited,Electric Utilities
BHAGCHEM,Bhagiradha Chemicals & Industries Limited,Agrochemicals
BHAGERIA,Bhageria Industries Limited,Specialty Chemicals
BHAGYANGR,Bhagyanagar India Limited,COPPER & COPPER PRODUCTS
BHANDARI,Bhandari Hosiery Exports Limited,Textiles
BHARATFORG,Bharat Forge Limited, Industrial Products
BHARATGEAR,Bharat Gears Limited,Auto Parts & Equipment
BHARATRAS,Bharat Rasayan Limited,Agrochemicals
BHARTIARTL,Bharti Airtel Limited,Telecommunication Services
BHEL,Bharat Heavy Electricals Limited,Heavy Electrical Equipment
BIGBLOC,Bigbloc Construction Limited,Cement & Cement Products
BIKAJI,Bikaji Foods International Limited,Consumer Non-Durables
BIOCON,Biocon Limited,Biotechnology
BIOFILCHEM,Biofil Chemicals & Pharmaceuticals Limited,Pharmaceuticals
BIRLACABLE,Birla Cable Limited,Other Electrical Equipment/ Products
BIRLACORPN,Birla Corporation Limited,Cement & Cement Products
BLISSGVS,Bliss GVS Pharma Limited,Pharmaceuticals
BLKASHYAP,B. L. Kashyap and Sons Limited,Realty
BLS,BLS International Services Limited,Travel Support Services
BLUEDART,Blue Dart Express Limited,LOGISTICS SOLUTION PROVIDER
BLUESTARCO,Blue Star Limited,Consumer Electronics
BODALCHEM,Bodal Chemicals Limited,Specialty Chemicals
BOMDYEING,Bombay Dyeing & Mfg Company Limited,Textiles
BOROLTD,Borosil Limited,GLASS
BORORENEW,BOROSIL RENEWABLES LIMITED,Houseware
BOSCHLTD,Bosch Limited,Auto Parts & Equipment
BPCL,Bharat Petroleum Corporation Limited,Refineries & Petroleum Products
BPL,BPL Limited,Consumer Electronics
BRIGADE,Brigade Enterprises Limited,Realty
BRITANNIA,Britannia Industries Limited,Packaged Foods
BRNL,Bharat Road Network Limited,Roads & Highways
BROOKS,Brooks Laboratories Limited,Pharmaceuticals
BSE,BSE Limited,STOCK EXCHANGE
BSHSL,Bombay Super Hybrid Seeds Limited,AGRICULTURAL PRODUCTS
BSL,BSL Limited,Textiles
BSOFT,BIRLASOFT LIMITED,IT Consulting & Application Software
BTML,Bodhi Tree Multimedia Limited,Consumer Services
BURNPUR,Burnpur Cement Limited,Cement & Cement Products
BUTTERFLY,Butterfly Gandhimathi Appliances Limited,Household Appliances
BYKE,The Byke Hospitality Ltd,Hotels
CAMLINFINE,Camlin Fine Sciences Limited,Specialty Chemicals
CAMPUS,Campus Activewear Limited,Consumer Non-Durables
CAMS,Computer Age Management Services Limited,Financial Services
CANBK,Canara Bank,BANKS - PSU
CANFINHOME,Can Fin Homes Limited,Housing Finance Companies
CANTABIL,Cantabil Retail India Limited,Apparels & Accessories
CAPACITE,Capacit'e Infraprojects Limited,Realty
CAPLIPOINT,Caplin Point Laboratories Limited,Pharmaceuticals
CAPTRUST,Capital Trust Limited,NBFC
CARBORUNIV,Carborundum Universal Limited,ABRASIVES
CARERATING,CARE Ratings Limited,Financial Services
CARTRADE,Cartrade Tech Limited,ONLINE SERVICES
CARYSIL,CARYSIL LIMITED,Consumer Durables
CASTROLIND,Castrol India Limited,Oil Marketing & Distribution
CCL,CCL Products (India) Limited,Tea & Coffee
CDSL,Central Depository Services (India) Limited,Stock Depository
CEATLTD,CEAT Limited,Tyres & Rubber Products
CENTENKA,Century Enka Limited,Textiles
CENTRALBK,Central Bank of India,BANKS - PSU
CENTRUM,Centrum Capital Limited,Financial Services
CENTUM,Centum Electronics Limited,Diversified Commercial Services
CENTURYPLY,Century Plyboards (India) Limited,Forest Products - PLY & BOARDS
CENTURYTEX,Century Textiles & Industries Limited,Paper & Paper Products
CERA,Cera Sanitaryware Limited,CERAMICS / GRANITES
CESC,CESC Limited,Electric Utilities - GENERATION
CGCL,Capri Global Capital Limited,Fin COS (including NBFCs)
CGPOWER,CG Power and Industrial Solutions Limited,Heavy Electrical Equipment
CHALET,Chalet Hotels Limited,Hotels
CHAMBLFERT,Chambal Fertilizers & Chemicals Limited,FERTILIZERS
CHEMBOND,Chembond Chemicals Ltd,Specialty Chemicals
CHEMCON,Chemcon Speciality Chemicals Limited,Specialty Chemicals
CHEMFAB,Chemfab Alkalis Limited,Specialty Chemicals
CHEMPLASTS,Chemplast Sanmar Limited,Specialty Chemicals
CHENNPETRO,Chennai Petroleum Corporation Limited,Refineries & Petroleum Products
CHEVIOT,Cheviot Company Limited,Process Industries
CHOICEIN,Choice International Limited,Commercial Services
CHOLAFIN,Cholamandalam Investment and Finance Company Limited,Fin COS (including NBFCs)
CHOLAHLDNG,Cholamandalam Financial Holdings Limited,Holding Companies
CIGNITITEC,Cigniti Technologies Limited,IT ENABLED SERVICES - SOFTWARE
CINELINE,Cineline India Limited,Realty
CINEVISTA,Cinevista Limited,Movies & Entertainment
CIPLA,Cipla Limited,Pharmaceuticals
CLEAN,Clean Science and Technology Limited,Specialty Chemicals
CLEDUCATE,CL Educate Limited,Education
CLSEL,Chaman Lal Setia Exports Limited,AGRICULTURAL PRODUCTS
CMSINFO,CMS Info Systems Limited,Finance
COALINDIA,Coal India Limited,Coal
COASTCORP,Coastal Corporation Limited,Packaged Foods
COCHINSHIP,Cochin Shipyard Limited,Shipping
COFFEEDAY,Coffee Day Enterprises Limited,Restaurants
COFORGE,Coforge Limited,IT Consulting & Application Software
COLPAL,Colgate Palmolive (India) Limited,Personal Products
COMPUSOFT,Compucom Software Limited,IT Training Services
CONCOR,Container Corporation of India Limited,Transport Related Services
CONFIPET,Confidence Petroleum India Limited,Oil Marketing & Distribution
CONSOFINVT,Consolidated Finvest & Holdings Limited,NBFC
CONTROLPR,Control Print Limited,Containers & Packaging
COROMANDEL,Coromandel International Limited,FERTILIZERS
COSMOFIRST,COSMO FIRST LIMITED,Process Industries
CRAFTSMAN,Craftsman Automation Limited,Industrial Machinery
CREATIVE,Creative Newtech Limited, Industrial Products
CREDITACC,CREDITACCESS GRAMEEN LIMITED,Fin COS (including NBFCs)
CREST,Crest Ventures Limited,Fin COS (including NBFCs)
CRISIL,CRISIL Limited,Financial Services
CROMPTON,Crompton Greaves Consumer Electricals Limited,Household Appliances
CSBBANK,CSB Bank Limited,BANKS - PVT
CSLFINANCE,CSL Finance Limited,Finance
CTE,Cambridge Technology Enterprises Limited,Software Products
CUB,City Union Bank Limited,BANKS - PVT
CUMMINSIND,Cummins India Limited,Industrial Machinery
CYBERTECH,Cybertech Systems And Software Limited,Software Products
CYIENT,Cyient Limited,IT Consulting & Application Software
DABUR,Dabur India Limited,Personal Products
DALBHARAT,Dalmia Bharat Limited,Cement & Cement Products
DALMIASUG,Dalmia Bharat Sugar and Industries Limited,Sugar
DAMODARIND,Damodar Industries Limited,SPINNING-COTTON/BLENDED
DANGEE,Dangee Dums Limited,CONSUMER FOOD
DATAMATICS,Datamatics Global Services Limited,Software Products
DATAPATTNS,Data Patterns (India) Limited,Defence
DBL,Dilip Buildcon Limited,Roads & Highways
DBOL,Dhampur Bio Organics Limited,Process Industries
DBREALTY,D B Realty Limited,Realty
DBSTOCKBRO,DB (International) Stock Brokers Limited,Financial Services
DCAL,Dishman Carbogen Amcis Limited,Pharmaceuticals
DCBBANK,DCB Bank Limited,BANKS - PVT
DCI,Dc Infotech And Communication Limited,Electronic Technology
DCM,DCM  Limited, Industrial Products
DCMNVL,DCM Nouvelle Limited,Textiles
DCMSHRIRAM,DCM Shriram Limited,Sugar
DCMSRIND,DCM Shriram Industries Limited,Sugar
DCW,DCW Limited,Commodity Chemicals
DCXINDIA,DCX Systems Limited,Producer Manufacturing
DECCANCE,Deccan Cements Limited,Cement & Cement Products
DEEPAKFERT,Deepak Fertilizers and Petrochemicals Corporation Limited,Commodity Chemicals
DEEPAKNTR,Deepak Nitrite Limited,Specialty Chemicals
DEEPENR,DEEP ENERGY RESOURCES LIMITED,Integrated Oil & Gas
DEEPINDS,Deep Industries Limited,OIL Exploration & Production
DELHIVERY,Delhivery Limited,Transportation
DELPHIFX,DELPHI WORLD MONEY LIMITED,Financial Services
DELTACORP,Delta Corp Limited,Leisure Facilities
DELTAMAGNT,Delta Manufacturing Limited,Other Electrical Equipment/ Products
DEN,Den Networks Limited,Broadcasting & Cable TV
DENORA,De Nora India Limited, Industrial Goods
DEVIT,Dev Information Technology Limited,Technology Services
DEVYANI,Devyani International Limited,Restaurants
DGCONTENT,Digicontent Limited,PRINTING & PUBLICATION
DHAMPURSUG,Dhampur Sugar Mills Limited,Sugar
DHANI,Dhani Services Limited,Financial Services
DHANUKA,Dhanuka Agritech Limited,Agrochemicals
DHARMAJ,Dharmaj Crop Guard Limited,Process Industries
DHUNINV,Dhunseri Investments Limited,INVESTMENT COMPANIES
DIAMINESQ,Diamines  & Chemicals Limited,Process Industries
DIAMONDYD,Prataap Snacks Limited,Packaged Foods
DICIND,DIC India Limited,Specialty Chemicals
DIGISPICE,DiGiSPICE Technologies Limited,Telecommunications Equipment
DIL,Debock Industries Limited,Producer Manufacturing
DISHTV,Dish TV India Limited,Broadcasting & Cable TV
DIVGIITTS,Divgi Torqtransfer Systems Limited,Producer Manufacturing
DIVISLAB,Divi's Laboratories Limited,Pharmaceuticals
DIXON,Dixon Technologies (India) Limited,Consumer Electronics
DJML,DJ Mediaprint & Logistics Limited,Commercial Services
DLF,DLF Limited,Realty
DLINKINDIA,D-Link (India) Limited,Networking Equipment
DMART,Avenue Supermarts Limited,Department Stores
DMCC,DMCC SPECIALITY CHEMICALS LIMITED,Process Industries
DODLA,Dodla Dairy Limited,DIARY PRODUCTS
DOLLAR,Dollar Industries Limited,Apparels & Accessories
DONEAR,Donear Industries Limited,Textiles
DPABHUSHAN,D. P. Abhushan Limited,GEMS  / JEWELLERY & WATCHES
DPSCLTD,DPSC Limited,Electric Utilities - GENERATION
DPWIRES,D P Wires Limited,IRON & STEEL PRODUCTS
DREAMFOLKS,Dreamfolks Services Limited,Transportation
DRREDDY,Dr. Reddy's Laboratories Limited,Pharmaceuticals
DSSL,Dynacons Systems & Solutions Limited,IT Consulting & Application Software
DTIL,Dhunseri Tea & Industries Limited,Tea & Coffee
DVL,Dhunseri Ventures Limited,Other Food Products
DWARKESH,Dwarikesh Sugar Industries Limited,Sugar
DYCL,Dynamic Cables Limited,Producer Manufacturing
DYNAMATECH,Dynamatic Technologies Limited,Industrial Machinery
DYNPRO,Dynemic Products Limited,Specialty Chemicals
EASEMYTRIP,Easy Trip Planners Limited,Travel Support Services
ECLERX,eClerx Services Limited,BPO / ITeS
EDELWEISS,Edelweiss Financial Services Limited,Holding Companies
EICHERMOT,Eicher Motors Limited,2/3 Wheelers
EIDPARRY,EID Parry India Limited,Sugar
EIFFL,Euro India Fresh Foods Limited,CONSUMER FOOD
EIHAHOTELS,EIH Associated Hotels Limited,Hotels
EIHOTEL,EIH Limited,Hotels
EIMCOELECO,Eimco Elecon (India) Limited,Industrial Machinery
EKC,Everest Kanto Cylinder Limited, Industrial Products
ELDEHSG,Eldeco Housing And Industries Limited,Finance
ELECON,Elecon Engineering Company Limited,Industrial Machinery
ELECTCAST,Electrosteel Castings Limited, Industrial Products
ELGIEQUIP,Elgi Equipments Limited,Industrial Machinery
ELGIRUBCO,Elgi Rubber Company Limited,Rubber Products
ELIN,Elin Electronics Limited,Electronic Technology
EMAMILTD,Emami Limited,Personal Products
EMAMIPAP,Emami Paper Mills Limited,Paper & Paper Products
EMIL,Electronics Mart India Limited,Retail Trade
EMMBI,Emmbi Industries Limited,Containers & Packaging
EMUDHRA,eMudhra Limited,Technology Services
ENDURANCE,Endurance Technologies Limited,Auto Parts & Equipment
ENGINERSIN,Engineers India Limited,Consulting Services
ENIL,Entertainment Network (India) Limited,Broadcasting & Cable TV
EPL,EPL Limited,Containers & Packaging
EQUITASBNK,Equitas Small Finance Bank Limited,BANKS - PVT
ERIS,Eris Lifesciences Limited,Pharmaceuticals
EROSMEDIA,Eros International Media Limited,Movies & Entertainment
ESABINDIA,Esab India Limited, Industrial Goods
ESCORTS,Escorts Kubota Limited,"Construction, Agricultural & Commercial Vehicles"
ESSARSHPNG,Essar Shipping Limited,Shipping
ESTER,Ester Industries Limited,Containers & Packaging
ETHOSLTD,Ethos Limited,Retail Trade
EVEREADY,Eveready Industries India Limited,Non-Durable Household Products
EVERESTIND,Everest Industries Limited,Cement & Cement Products
EXCELINDUS,Excel Industries Limited,Specialty Chemicals
EXIDEIND,Exide Industries Limited,Auto Parts & Equipment
EXPLEOSOL,Expleo Solutions Limited,IT Consulting & Application Software
EXXARO,Exxaro Tiles Limited,"Furniture, Furnishing & Paints"
FACT,Fertilizers and Chemicals Travancore Limited,FERTILIZERS
FAIRCHEMOR,Fairchem Organics Limited,Commodity Chemicals
FAZE3Q,Faze Three Limited,Process Industries
FCL,Fineotex Chemical Limited,Specialty Chemicals
FCSSOFT,FCS Software Solutions Limited,IT Consulting & Application Software
FDC,FDC Limited,Pharmaceuticals
FEDERALBNK,The Federal Bank  Limited,BANKS - PVT
FIBERWEB,Fiberweb (India) Limited,Producer Manufacturing
FIEMIND,Fiem Industries Limited,Auto Parts & Equipment
FILATEX,Filatex India Limited,Textiles
FINCABLES,Finolex Cables Limited,Other Electrical Equipment/ Products
FINEORG,Fine Organic Industries Limited,Specialty Chemicals
FINOPB,Fino Payments Bank Limited,BANKS - PVT
FINPIPE,Finolex Industries Limited,PLASTIC PRODUCTS
FIVESTAR,Five-Star Business Finance Limited,Finance
FLEXITUFF,Flexituff Ventures International Limited,PLASTIC PRODUCTS
FLUOROCHEM,Gujarat Fluorochemicals Limited,Specialty Chemicals
FMGOETZE,Federal-Mogul Goetze (India) Limited.,Auto Parts & Equipment
FOCUS,Focus Lighting and Fixtures Limited,Consumer Electronics
FOODSIN,Foods & Inns Limited,Other Food Products
FORTIS,Fortis Healthcare Limited,Healthcare  - Facilities
FOSECOIND,Foseco India Limited,Commodity Chemicals
FSL,Firstsource Solutions Limited,BPO / ITeS
FUSION,Fusion Micro Finance Limited,Finance
GABRIEL,Gabriel India Limited,Auto Parts & Equipment
GAEL,Gujarat Ambuja Exports Limited,Other Agricultural Products
GAIL,GAIL (India) Limited,Utilities (Including Pipelines)
GALAXYSURF,Galaxy Surfactants Limited,Specialty Chemicals
GANDHITUBE,Gandhi Special Tubes Limited,IRON & STEEL PRODUCTS
GANECOS,Ganesha Ecosphere Limited,Textiles
GANESHBE,Ganesh Benzoplast Limited,Commodity Chemicals
GANESHHOUC,Ganesh Housing Corporation Limited,Realty
GANGESSECU,Ganges Securities Limited,INVESTMENT COMPANIES
GARFIBRES,Garware Technical Fibres Limited,Textiles
GATEWAY,Gateway Distriparks Limited,Non-Energy Minerals
GEECEE,GeeCee Ventures Limited,Realty
GEEKAYWIRE,Geekay Wires Limited,IRON & STEEL PRODUCTS
GENCON,Generic Engineering Construction and Projects Limited,Realty
GENESYS,Genesys International Corporation Limited,Software Products
GENSOL,Gensol Engineering Limited,Industrial Services
GENUSPAPER,Genus Paper & Boards Limited,Paper & Paper Products
GENUSPOWER,Genus Power Infrastructures Limited,Other Electrical Equipment/ Products
GEOJITFSL,Geojit Financial Services Limited,Financial Services
GEPIL,GE Power India Limited,Heavy Electrical Equipment
GESHIP,The Great Eastern Shipping Company Limited,Shipping
GFLLIMITED,GFL Limited,Consumer Services
GHCL,GHCL Limited,Commodity Chemicals
GICHSGFIN,GIC Housing Finance Limited,Housing Finance Companies
GICRE,General Insurance Corporation of India,General Insurance
GILLETTE,Gillette India Limited,Personal Products
GINNIFILA,Ginni Filaments Limited,Textiles
GIPCL,Gujarat Industries Power Company Limited,Electric Utilities
GKWLIMITED,GKW Limited,Transportation
GLAND,Gland Pharma Limited,Pharmaceuticals
GLAXO,GlaxoSmithKline Pharmaceuticals Limited,Pharmaceuticals
GLENMARK,Glenmark Pharmaceuticals Limited,Pharmaceuticals
GLOBAL,Global Education Limited,Education
GLOBUSSPR,Globus Spirits Limited,Breweries & Distilleries
GLS,Glenmark Life Sciences Limited,Pharmaceuticals
GMBREW,GM Breweries Limited,Breweries & Distilleries
GMDCLTD,Gujarat Mineral Development Corporation Limited,Coal
GMMPFAUDLR,GMM Pfaudler Limited,INDUSTRIAL EQUIPMENT
GMRINFRA,GMR Airports Infrastructure Limited,Airport Services
GNA,GNA Axles Limited,Auto Parts & Equipment
GNFC,Gujarat Narmada Valley Fertilizers and Chemicals Limited,FERTILIZERS
GOACARBON,Goa Carbon Limited,Refineries & Petroleum Products
GOCLCORP,GOCL Corporation Limited,EXPLOSIVES
GOCOLORS,Go Fashion (India) Limited,Other Apparels & Accessories
GODFRYPHLP,Godfrey Phillips India Limited,Cigarettes & Tobacco Products
GODREJAGRO,Godrej Agrovet Limited,Other Agricultural Products
GODREJCP,Godrej Consumer Products Limited,Personal Products
GODREJIND,Godrej Industries Limited,Packaged Foods
GODREJPROP,Godrej Properties Limited,Realty
GOKEX,Gokaldas Exports Limited,Other Apparels & Accessories
GOKULAGRO,Gokul Agro Resources Limited,Edible Oils
GOLDIAM,Goldiam International Limited,Other Apparels & Accessories
GOLDTECH,Goldstone Technologies Limited,IT Consulting & Application Software
GOODLUCK,Goodluck India Limited,IRON & STEEL PRODUCTS
GPIL,Godawari Power And Ispat limited,Iron & Steel and Intermediary Products
GPPL,Gujarat Pipavav Port Limited,Marine Port & Services
GPTINFRA,GPT Infraprojects Limited,Construction & Engineering
GRANULES,Granules India Limited,Pharmaceuticals
GRAPHITE,Graphite India Limited, Industrial Goods
GRASIM,Grasim Industries Limited,Cement & Cement Products
GRAVITA,Gravita India Limited,INDUSTRIAL MINERALS
GREAVESCOT,Greaves Cotton Limited,Industrial Machinery
GREENLAM,Greenlam Industries Limited,PLYWOOD BOARDS/ LAMINATES
GREENPANEL,Greenpanel Industries Limited,Forest Products - PLY & BOARDS
GREENPLY,Greenply Industries Limited,Forest Products - PLY & BOARDS
GRINDWELL,Grindwell Norton Limited,ABRASIVES
GRINFRA,G R Infraprojects Limited,Construction & Engineering
GRMOVER,GRM Overseas Limited,Process Industries
GROBTEA,The Grob Tea Company Limited,Tea & Coffee
GRPLTD,GRP Limited,Tyres & Rubber Products
GRSE,Garden Reach Shipbuilders & Engineers Limited,Defence
GRWRHITECH,Garware Hi-Tech Films Limited,Process Industries
GSFC,Gujarat State Fertilizers & Chemicals Limited,FERTILIZERS
GSPL,Gujarat State Petronet Limited,Utilities (Including Pipelines)
GTLINFRA,GTL Infrastructure Limited,Telecommunications Equipment
GTPL,GTPL Hathway Limited,Other Telecom Services
GUFICBIO,Gufic Biosciences Limited,Pharmaceuticals
GUJALKALI,Gujarat Alkalies and Chemicals Limited,Commodity Chemicals
GUJGASLTD,Gujarat Gas Limited,LPG/CNG/PNG/LNG SUPPLIER
GULFOILLUB,Gulf Oil Lubricants India Limited,Oil Marketing & Distribution
GULFPETRO,GP Petroleums Limited,Oil Marketing & Distribution
GULPOLY,Gulshan Polyols Limited,Commodity Chemicals
HAL,Hindustan Aeronautics Limited,Aerospace
HAPPSTMNDS,Happiest Minds Technologies Limited,IT Consulting & Application Software
HARDWYN,Hardwyn India Limited,Distribution Services
HARIOMPIPE,Hariom Pipe Industries Limited,Non-Energy Minerals
HARRMALAYA,Harrisons  Malayalam Limited,Tyres & Rubber Products
HARSHA,Harsha Engineers International Limited,Producer Manufacturing
HATHWAY,Hathway Cable & Datacom Limited,Broadcasting & Cable TV
HATSUN,Hatsun Agro Product Limited,Packaged Foods
HAVELLS,Havells India Limited,Consumer Electronics
HBLPOWER,HBL Power Systems Limited,Other Electrical Equipment/ Products
HCC,Hindustan Construction Company Limited,Construction & Engineering
HCG,Healthcare Global Enterprises Limited,Healthcare  - Facilities
HCLTECH,HCL Technologies Limited,COMPUTER SOFTWARE MAJOR
HDFCAMC,HDFC Asset Management Company Limited,Asset Management Companies
HDFCBANK,HDFC Bank Limited,BANKS - PVT
HDFCLIFE,HDFC Life Insurance Company Limited,Life Insurance
HEADSUP,Heads UP Ventures Limited,Retail Trade
HEG,HEG Limited, Industrial Goods
HEIDELBERG,HeidelbergCement India Limited,Cement & Cement Products
HEMIPROP,Hemisphere Properties India Limited,Realty
HERANBA,Heranba Industries Limited,Agrochemicals
HERCULES,Hercules Hoists Limited,Industrial Machinery
HERITGFOOD,Heritage Foods Limited,Packaged Foods
HEROMOTOCO,Hero MotoCorp Limited,2/3 Wheelers
HESTERBIO,Hester Biosciences Limited,Pharmaceuticals
HEUBACHIND,Heubach Colorants India Limited,Process Industries
HEXATRADEX,Hexa Tradex Limited,Trading Companies & Distributors
HFCL,HFCL Limited,Telecom Cables
HGINFRA,H.G. Infra Engineering Limited,Construction & Engineering
HGS,Hinduja Global Solutions Limited,BPO / ITeS
HIKAL,Hikal Limited,Pharmaceuticals
HIL,HIL Limited,Cement & Cement Products
HILTON,Hilton Metal Forging Limited, Industrial Products
HIMATSEIDE,Himatsingka Seide Limited,Textiles
HINDALCO,Hindalco Industries Limited,ALUMINIUM
HINDCOMPOS,Hindustan Composites Limited,Auto Parts & Equipment
HINDCOPPER,Hindustan Copper Limited,COPPER & COPPER PRODUCTS
HINDMOTORS,Hindustan Motors Limited,Cars & Utility Vehicles
HINDOILEXP,Hindustan Oil Exploration Company Limited,OIL Exploration & Production
HINDPETRO,Hindustan Petroleum Corporation Limited,Refineries & Petroleum Products
HINDUNILVR,Hindustan Unilever Limited,Personal Products
HINDWAREAP,Hindware Home Innovation Limited,Producer Manufacturing
HINDZINC,Hindustan Zinc Limited,Zinc
HIRECT,Hind Rectifiers Limited,Electronic Components / Equipment & Instruments
HISARMETAL,Hisar Metal Industries Limited,IRON & STEEL PRODUCTS
HITECH,Hi-Tech Pipes Limited,IRON & STEEL PRODUCTS
HITECHCORP,Hitech Corporation Limited,Containers & Packaging
HITECHGEAR,The Hi-Tech Gears Limited,Auto Parts & Equipment
HLEGLAS,HLE Glascoat Limited,Industrial Machinery
HLVLTD,HLV LIMITED,Hotels
HMVL,Hindustan Media Ventures Limited,PRINTING & PUBLICATION
HNDFDS,Hindustan Foods Limited,Packaged Foods
HOMEFIRST,Home First Finance Company India Limited,Housing Finance Companies
HONAUT,Honeywell Automation India Limited,Other Electrical Equipment/ Products
HONDAPOWER,Honda India Power Products Limited,Industrial Machinery
HPAL,HP Adhesives Limited,Non-Energy Minerals
HPL,HPL Electric & Power Limited,Consumer Electronics
HTMEDIA,HT Media Limited,PRINTING & PUBLICATION
HUDCO,Housing & Urban Development Corporation Limited,Housing Finance Companies
HUHTAMAKI,Huhtamaki India Limited,Containers & Packaging
IBREALEST,Indiabulls Real Estate Limited,Realty
IBULHSGFIN,Indiabulls Housing Finance Limited,Housing Finance Companies
ICEMAKE,Ice Make Refrigeration Limited,INDUSTRIAL EQUIPMENT - Refrigeration
ICICIBANK,ICICI Bank Limited,BANKS - PVT
ICICIGI,ICICI Lombard General Insurance Company Limited,General Insurance
ICICIPRULI,ICICI Prudential Life Insurance Company Limited,Life Insurance
ICIL,Indo Count Industries Limited,Textiles
ICRA,ICRA Limited,Financial Services
IDBI,IDBI Bank Limited,BANKS - PVT
IDEA,Vodafone Idea Limited,Telecommunication Services
IDFC,IDFC Limited,Fin COS (including NBFCs)
IDFCFIRSTB,IDFC First Bank Limited,BANKS - PVT
IEL,Indiabulls Enterprises Limited,Finance
IEX,Indian Energy Exchange Limited,Financial Services
IFBAGRO,IFB Agro Industries Limited,Breweries & Distilleries
IFBIND,IFB Industries Limited,Household Appliances
IFCI,IFCI Limited,Financial Institutions
IFGLEXPOR,IFGL Refractories Limited, Industrial Goods
IGARASHI,Igarashi Motors India Limited,Auto Parts & Equipment
IGL,Indraprastha Gas Limited,Oil Marketing & Distribution
IGPL,IG Petrochemicals Limited,Commodity Chemicals
IIFL,IIFL Finance Limited,Financial Services
IIFLSEC,IIFL Securities Limited,Financial Services
IMAGICAA,Imagicaaworld Entertainment Limited, Leisure Facilities
IMFA,Indian Metals & Ferro Alloys Limited,Iron & Steel and Intermediary Products
IMPAL,India Motor Parts and Accessories Limited,Trading Companies & Distributors
INDBANK,Indbank Merchant Banking Services Limited,Financial Services
INDHOTEL,The Indian Hotels Company Limited,Hotels
INDIACEM,The India Cements Limited,Cement & Cement Products
INDIAGLYCO,India Glycols Limited,Commodity Chemicals
INDIAMART,Indiamart Intermesh Limited,Internet Software & Services
INDIANB,Indian Bank,BANKS - PSU
INDIANCARD,Indian Card Clothing Company Limited,Textiles
INDIANHUME,Indian Hume Pipe Company Limited,Cement & Cement Products
INDIGO,InterGlobe Aviation Limited,Airlines
INDIGOPNTS,Indigo Paints Limited,PAINTS
INDNIPPON,India Nippon Electricals Limited,Auto Parts & Equipment
INDOAMIN,Indo Amines Limited,Process Industries
INDOBORAX,Indo Borax & Chemicals Limited,Process Industries
INDOCO,Indoco Remedies Limited,Pharmaceuticals
INDORAMA,Indo Rama Synthetics (India) Limited,Textiles
INDOTECH,Indo Tech Transformers Limited,Heavy Electrical Equipment
INDSWFTLAB,Ind-Swift Laboratories Limited,Pharmaceuticals
INDSWFTLTD,Ind-Swift Limited,Pharmaceuticals
INDTERRAIN,Indian Terrain Fashions Limited,Other Apparels & Accessories
INDUSINDBK,IndusInd Bank Limited,BANKS - PVT
INDUSTOWER,Indus Towers Limited,Other Telecom Services
INFIBEAM,Infibeam Avenues Limited,Internet Software & Services
INFOBEAN,InfoBeans Technologies Limited,IT ENABLED SERVICES - SOFTWARE
INFY,Infosys Limited,COMPUTER SOFTWARE MAJOR
INGERRAND,Ingersoll Rand (India) Limited,Industrial Machinery
INOXWIND,Inox Wind Limited,Heavy Electrical Equipment
INSECTICID,Insecticides (India) Limited,Agrochemicals
INTELLECT,Intellect Design Arena Limited,Software Products
INTLCONV,International Conveyors Limited,PLASTIC PRODUCTS
IOB,Indian Overseas Bank,BANKS - PSU
IOC,Indian Oil Corporation Limited,Refineries & Petroleum Products
IOLCP,IOL Chemicals and Pharmaceuticals Limited,Pharmaceuticals
IONEXCHANG,ION Exchange (India) Limited,Producer Manufacturing
IPCALAB,IPCA Laboratories Limited,Pharmaceuticals
IPL,India Pesticides Limited,Agrochemicals
IRB,IRB Infrastructure Developers Limited,Roads & Highways
IRCON,Ircon International Limited,Construction & Engineering
IRCTC,Indian Railway Catering And Tourism Corporation Limited,Travel Support Services
IRFC,Indian Railway Finance Corporation Limited,Fin COS (including NBFCs)
IRIS,Iris Business Services Limited,Software Products
IRISDOREME,Iris Clothings Limited,FABRICS & GARMENTS
ISEC,ICICI Securities Limited,Financial Services
ISFT,Intrasoft Technologies Limited,ONLINE SERVICES
ISGEC,Isgec Heavy Engineering Limited,Industrial Machinery
ISMTLTD,ISMT Limited,Iron & Steel and Intermediary Products
ITC,ITC Limited,Cigarettes & Tobacco Products
ITDC,India Tourism Development Corporation Limited,Hotels
ITDCEM,ITD Cementation India Limited,Construction & Engineering
ITI,ITI Limited,Telecommunications Equipment
JAGRAN,Jagran Prakashan Limited,PRINTING & PUBLICATION
JAGSNPHARM,Jagsonpal Pharmaceuticals Limited,Pharmaceuticals
JAICORPLTD,Jai Corp Limited,PLASTIC PRODUCTS
JAIPURKURT,Nandani Creation Limited,FABRICS & GARMENTS
JAMNAAUTO,Jamna Auto Industries Limited,Auto Parts & Equipment
JASH,Jash Engineering Limited,ENGINEERING / DESIGNING /CONSTRUCTION
JAYAGROGN,Jayant Agro Organics Limited,Specialty Chemicals
JAYBARMARU,Jay Bharat Maruti Limited,Auto Parts & Equipment
JAYNECOIND,Jayaswal Neco Industries Limited,Iron & Steel and Intermediary Products
JAYSREETEA,Jayshree Tea & Industries Limited,Tea & Coffee
JBCHEPHARM,JB Chemicals & Pharmaceuticals Limited,Pharmaceuticals
JBMA,JBM Auto Limited,Auto Parts & Equipment
JCHAC,Johnson Controls - Hitachi Air Conditioning India Limited,Consumer Electronics
JETFREIGHT,Jet Freight Logistics Limited,LOGISTICS SOLUTION PROVIDER
JHS,JHS Svendgaard Laboratories Limited,Personal Products
JINDALPHOT,Jindal Photo Limited,Photographic Products
JINDALPOLY,Jindal Poly Films Limited,Containers & Packaging
JINDALSAW,Jindal Saw Limited,IRON & STEEL PRODUCTS
JINDALSTEL,Jindal Steel & Power Limited,Iron & Steel and Intermediary Products
JINDRILL,Jindal Drilling And Industries Limited,OIL Exploration & Production
JINDWORLD,Jindal Worldwide Limited,Textiles
JKCEMENT,JK Cement Limited,Cement & Cement Products
JKIL,J.Kumar Infraprojects Limited,Construction & Engineering
JKLAKSHMI,JK Lakshmi Cement Limited,Cement & Cement Products
JKPAPER,JK Paper Limited,Paper & Paper Products
JKTYRE,JK Tyre & Industries Limited,Tyres & Rubber Products
JMFINANCIL,JM Financial Limited,Holding Companies
JOCIL,Jocil Limited,Specialty Chemicals
JPASSOCIAT,Jaiprakash Associates Limited,Construction & Engineering
JPOLYINVST,Jindal Poly Investment and Finance Company Limited,Financial Services
JSL,Jindal Stainless Limited,Iron & Steel and Intermediary Products
JSWENERGY,JSW Energy Limited,Electric Utilities
JSWHL,JSW Holdings Limited,Holding Companies
JSWSTEEL,JSW Steel Limited,STEEL MAJOR
JTEKTINDIA,Jtekt India Limited,Auto Parts & Equipment
JTLIND,JTL INDUSTRIES LIMITED,Non-Energy Minerals
JUBLFOOD,Jubilant Foodworks Limited,Restaurants
JUBLINDS,Jubilant Industries Limited,Specialty Chemicals
JUBLINGREA,Jubilant Ingrevia Limited,Specialty Chemicals
JUBLPHARMA,Jubilant Pharmova Limited,Pharmaceuticals
JUSTDIAL,Just Dial Limited,PRINTING & PUBLICATION
JWL,Jupiter Wagons Limited,Producer Manufacturing
JYOTHYLAB,Jyothy Labs Limited,Household Products
KABRAEXTRU,Kabra Extrusion Technik Limited,Industrial Machinery
KAJARIACER,Kajaria Ceramics Limited,CERAMICS / GRANITES 
KAKATCEM,Kakatiya Cement Sugar & Industries Limited,Cement & Cement Products
KALYANIFRG,Kalyani Forge Limited,Auto Parts & Equipment
KALYANKJIL,Kalyan Jewellers India Limited,Other Apparels & Accessories
KAMATHOTEL,Kamat Hotels (I) Limited,Hotels
KAMDHENU,Kamdhenu Limited,Iron & Steel and Intermediary Products
KAMOPAINTS,Kamdhenu Ventures Limited,Process Industries
KANORICHEM,Kanoria Chemicals & Industries Limited,Commodity Chemicals
KANPRPLA,Kanpur Plastipack Limited,Containers & Packaging
KANSAINER,Kansai Nerolac Paints Limited,PAINTS
KAPSTON,Kapston Services Limited,Diversified Commercial Services
KARURVYSYA,Karur Vysya Bank Limited,BANKS - PVT
KAUSHALYA,Kaushalya Infrastructure Development Corporation Limited,Hotels
KAYA,Kaya Limited,Specialized Consumer Services
KAYNES,Kaynes Technology India Limited,Electronic Technology
KBCGLOBAL,KBC Global Limited,Realty
KCP,KCP Limited,Cement & Cement Products
KCPSUGIND,KCP Sugar and Industries Corporation Limited,Sugar
KDDL,KDDL Limited,Other Apparels & Accessories
KEC,KEC International Limited,Heavy Electrical Equipment
KECL,Kirloskar Electric Company Limited,Other Electrical Equipment/ Products
KEI,KEI Industries Limited,Other Electrical Equipment/ Products
KELLTONTEC,Kellton Tech Solutions Limited,Software Products
KESORAMIND,Kesoram Industries Limited,Cement & Cement Products
KEYFINSERV,Keynote Financial Services Limited,Financial Services
KFINTECH,Kfin Technologies Limited,Technology Services
KHADIM,Khadim India Limited,Footwear
KHAICHEM,Khaitan Chemicals & Fertilizers Limited,FERTILIZERS
KHAITANLTD,Khaitan (India) Limited,Trading Companies & Distributors
KHANDSE,Khandwala Securities Limited,Financial Services
KICL,Kalyani Investment Company Limited,INVESTMENT COMPANIES
KILITCH,Kilitch Drugs (India) Limited,Pharmaceuticals
KIMS,Krishna Institute of Medical Sciences Limited,Healthcare  - Facilities
KINGFA,Kingfa Science & Technology (India) Limited,PLASTIC PRODUCTS
KIOCL,KIOCL Limited,Iron & Steel and Intermediary Products
KIRIINDUS,Kiri Industries Limited,Specialty Chemicals
KIRLOSBROS,Kirloskar Brothers Limited,Industrial Machinery
KIRLOSENG,Kirloskar Oil Engines Limited,Industrial Machinery
KIRLOSIND,Kirloskar Industries Limited,Industrial Machinery
KIRLPNU,Kirloskar Pneumatic Company Limited,Producer Manufacturing
KITEX,Kitex Garments Limited,Other Apparels & Accessories
KKCL,Kewal Kiran Clothing Limited,Other Apparels & Accessories
KMSUGAR,K.M.Sugar Mills Limited,Sugar
KNRCON,KNR Constructions Limited,Construction & Engineering
KOKUYOCMLN,Kokuyo Camlin Limited,Non-Durable Household Products
KOLTEPATIL,Kolte - Patil Developers Limited,Realty
KOPRAN,Kopran Limited,Pharmaceuticals
KOTAKBANK,Kotak Mahindra Bank Limited,BANKS - PVT
KOTARISUG,Kothari Sugars And Chemicals Limited,Sugar
KOTHARIPET,Kothari Petrochemicals Limited,Petrochemicals
KOTHARIPRO,Kothari Products Limited,Trading Companies & Distributors
KPIGREEN,KPI Green Energy Limited,Utilities
KPITTECH,KPIT Technologies Limited,IT Consulting & Application Software
KPRMILL,K.P.R. Mill Limited,Textiles
KRBL,KRBL Limited,Packaged Foods
KREBSBIO,Krebs Biochemicals and Industries Limited,Pharmaceuticals
KRISHANA,Krishana Phoschem Limited,FERTILIZERS
KRITI,Kriti Industries (India) Limited,PLASTIC PRODUCTS
KRITINUT,Kriti Nutrients Limited,Process Industries
KRSNAA,Krsnaa Diagnostics Limited,Healthcare  - Services
KSB,Ksb Limited,Industrial Machinery
KSCL,Kaveri Seed Company Limited,Other Agricultural Products
KSL,Kalyani Steels Limited,Iron & Steel and Intermediary Products
KSOLVES,Ksolves India Limited,Technology Services
KTKBANK,The Karnataka Bank Limited,BANKS - PVT
KUANTUM,Kuantum Papers Limited,Paper & Paper Products
LALPATHLAB,Dr. Lal Path Labs Ltd.,Healthcare  - Services
LAMBODHARA,Lambodhara Textiles Limited,Textiles
LANDMARK,Landmark Cars Limited,Retail Trade
LAOPALA,La Opala RG Limited,GLASS
LASA,Lasa Supergenerics Limited,Healthcare  - Services
LATENTVIEW,Latent View Analytics Limited,IT Consulting & Application Software
LAURUSLABS,Laurus Labs Limited,Pharmaceuticals
LAXMICOT,Laxmi Cotspin Limited,SPINNING-COTTON/BLENDED
LAXMIMACH,Lakshmi Machine Works Limited,Industrial Machinery
LEMONTREE,Lemon Tree Hotels Limited,Hotels
LEXUS,Lexus Granito (India) Limited,Producer Manufacturing
LGBBROSLTD,LG Balakrishnan & Bros Limited,Auto Parts & Equipment
LGBFORGE,LGB Forge Limited, Industrial Products
LIBAS,Libas Consumer Products Limited,FABRICS & GARMENTS
LICHSGFIN,LIC Housing Finance Limited,Housing Finance Companies
LICI,Life Insurance Corporation Of India,Finance
LIKHITHA,Likhitha Infrastructure Limited,Construction & Engineering
LINC,Linc Limited,Non-Durable Household Products
LINCOLN,Lincoln Pharmaceuticals Limited,Pharmaceuticals
LINDEINDIA,Linde India Limited,Industrial Gases
LLOYDSME,Lloyds Metals And Energy Limited,Non-Energy Minerals
LODHA,Macrotech Developers Limited,Realty
LOKESHMACH,Lokesh Machines Limited,Industrial Machinery
LORDSCHLO,Lords Chloro Alkali Limited,Process Industries
LOTUSEYE,Lotus Eye Hospital and Institute Limited,Healthcare  - Facilities
LOVABLE,Lovable Lingerie Limited,Other Apparels & Accessories
LOYALTEX,Loyal Textile Mills Limited,Process Industries
LPDC,Landmark Property Development Company Limited,Realty
LT,Larsen & Toubro Limited,Construction & Engineering
LTIM,LTIMindtree Limited,Commercial Services
LTTS,L&T Technology Services Limited,Internet Software & Services
LUMAXIND,Lumax Industries Limited,Auto Parts & Equipment
LUMAXTECH,Lumax Auto Technologies Limited,Auto Parts & Equipment
LUPIN,Lupin Limited,Pharmaceuticals
LUXIND,Lux Industries Limited,Other Apparels & Accessories
LXCHEM,Laxmi Organic Industries Limited,Specialty Chemicals
LYKALABS,Lyka Labs Limited,Pharmaceuticals
LYPSAGEMS,Lypsa Gems & Jewellery Limited,Other Apparels & Accessories
MAANALU,Maan Aluminium Limited,ALUMINIUM
MADRASFERT,Madras Fertilizers Limited,FERTILIZERS
MAGADSUGAR,Magadh Sugar & Energy Limited,Sugar
MAGNUM,Magnum Ventures Limited,Paper & Paper Products
MAHABANK,Bank of Maharashtra,BANKS - PVT
MAHAPEXLTD,Maha Rashtra Apex Corporation Limited,Fin COS (including NBFCs)
MAHEPC,Mahindra EPC Irrigation Limited,PLASTIC PRODUCTS
MAHESHWARI,Maheshwari Logistics Limited,LOGISTICS SOLUTION PROVIDER
MAHLIFE,Mahindra Lifespace Developers Limited,Realty
MAHLOG,Mahindra Logistics Limited,LOGISTICS SOLUTION PROVIDER
MAHSCOOTER,Maharashtra Scooters Limited,INVESTMENT COMPANIES
MAHSEAMLES,Maharashtra Seamless Limited,IRON & STEEL PRODUCTS
MAITHANALL,Maithan Alloys Limited,Iron & Steel and Intermediary Products
MALLCOM,Mallcom (India) Limited,Consumer Non-Durables
MANAKCOAT,Manaksia Coated Metals & Industries Limited,IRON & STEEL PRODUCTS
MANAKSIA,Manaksia Limited,IRON & STEEL PRODUCTS
MANALIPETC,Manali Petrochemicals Limited,Petrochemicals
MANAPPURAM,Manappuram Finance Limited,Fin COS (including NBFCs)
MANGALAM,Mangalam Drugs And Organics Limited,Pharmaceuticals
MANGCHEFER,Mangalore Chemicals & Fertilizers Limited,FERTILIZERS
MANGLMCEM,Mangalam Cement Limited,Cement & Cement Products
MANINFRA,Man Infraconstruction Limited,Construction & Engineering
MANORAMA,Manorama Industries Limited,Consumer Non-Durables
MANORG,Mangalam Organics Limited,Commodity Chemicals
MANYAVAR,Vedant Fashions Limited,Retail Trade
MAPMYINDIA,C.E. Info Systems Limited,Software Products
MARALOVER,Maral Overseas Limited,Textiles
MARATHON,Marathon Nextgen Realty Limited,Realty
MARICO,Marico Limited,Personal Products
MARINE,Marine Electricals (India) Limited,INDUSTRIAL EQUIPMENT
MARKSANS,Marksans Pharma Limited,Pharmaceuticals
MARSHALL,Marshall Machines Limited,INDUSTRIAL EQUIPMENT
MARUTI,Maruti Suzuki India Limited,Cars & Utility Vehicles
MASFIN,MAS Financial Services Limited,Fin COS (including NBFCs)
MASTEK,Mastek Limited,Software Products
MATRIMONY,Matrimony.Com Limited,Internet Software & Services
MAWANASUG,Mawana Sugars Limited,Sugar
MAXHEALTH,Max Healthcare Institute Limited,Healthcare  - Facilities
MAYURUNIQ,Mayur Uniquoters Ltd,Other Apparels & Accessories
MAZDA,Mazda Limited,INDUSTRIAL EQUIPMENT
MAZDOCK,Mazagon Dock Shipbuilders Limited,Defence
MBAPL,Madhya Bharat Agro Products Limited,PESTICIDES AND AGROCHEMICALS
MEDANTA,Global Health Limited,Health Services
MEDICAMEQ,Medicamen Biotech Limited,Pharmaceuticals
MEDICO,Medico Remedies Limited,Health Technology
MEDPLUS,Medplus Health Services Limited,Retail Trade
MEGASOFT,Megasoft Limited,Software Products
MEGASTAR,Megastar Foods Limited,Process Industries
MENONBE,Menon Bearings Limited,Auto Parts & Equipment
METROBRAND,Metro Brands Limited,Retail Trade
METROPOLIS,Metropolis Healthcare Limited,Healthcare  - Services
MFSL,Max Financial Services Limited,Life Insurance
MGEL,Mangalam Global Enterprise Limited,CONSUMER FOOD
MGL,Mahanagar Gas Limited,Oil Marketing & Distribution
MHRIL,Mahindra Holidays & Resorts India Limited,Hotels
MICEL,MIC Electronics Limited,Health Technology
MIDHANI,Mishra Dhatu Nigam Limited,Defence
MINDACORP,Minda Corporation Limited,Auto Parts & Equipment
MINDTECK,Mindteck (India) Limited,Software Products
MIRCELECTR,MIRC Electronics Limited,Consumer Electronics
MMFL,MM Forgings Limited, Industrial Products
MMP,MMP Industries Limited,ALUMINIUM
MMTC,MMTC Limited,Trading Companies & Distributors
MODISONLTD,MODISON LIMITED,Industrial Services
MOHITIND,Mohit Industries Limited,Textiles
MOIL,MOIL Limited,Mining
MOL,Meghmani Organics Limited,PESTICIDES AND AGROCHEMICALS
MOLDTECH,Mold-Tek Technologies Limited,IT ENABLED SERVICES - SOFTWARE
MOLDTKPAC,Mold-Tek Packaging Limited,Containers & Packaging
MONARCH,Monarch Networth Capital Limited,Finance
MONTECARLO,Monte Carlo Fashions Limited,Other Apparels & Accessories
MOREPENLAB,Morepen Laboratories Limited,Pharmaceuticals
MOTHERSON,Samvardhana Motherson International Limited,Producer Manufacturing
MOTILALOFS,Motilal Oswal Financial Services Limited,Fin COS (including NBFCs)
MPHASIS,MphasiS Limited,IT Consulting & Application Software
MPSLTD,MPS Limited,Education
MRF,MRF Limited,Tyres & Rubber Products
MRPL,Mangalore Refinery and Petrochemicals Limited,Refineries & Petroleum Products
MSTCLTD,Mstc Limited,Trading Companies & Distributors
MSUMI,Motherson Sumi Wiring India Limited,Producer Manufacturing
MTARTECH,Mtar Technologies Limited,Industrial Machinery
MTNL,Mahanagar Telephone Nigam Limited,Telecommunication Services
MUFIN,Mufin Green Finance Limited,Finance
MUKANDLTD,Mukand Limited,Iron & Steel and Intermediary Products
MUNJALAU,Munjal Auto Industries Limited,Auto Parts & Equipment
MUNJALSHOW,Munjal Showa Limited,Auto Parts & Equipment
MURUDCERA,Murudeshwar Ceramics Limited,CERAMICS / GRANITES 
MUTHOOTCAP,Muthoot Capital Services Limited,NBFC
MUTHOOTFIN,Muthoot Finance Limited,Fin COS (including NBFCs)
NACLIND,NACL Industries Limited,Agrochemicals
NAGAFERT,Nagarjuna Fertilizers and Chemicals Limited,FERTILIZERS
NAHARCAP,Nahar Capital and Financial Services Limited,INVESTMENT COMPANIES
NAHARINDUS,Nahar Industrial Enterprises Limited,Textiles
NAHARPOLY,Nahar Poly Films Limited,Containers & Packaging
NAHARSPING,Nahar Spinning Mills Limited,Textiles
NATCOPHARM,Natco Pharma Limited,Pharmaceuticals
NATHBIOGEN,Nath Bio-Genes (India) Limited,Other Agricultural Products
NATIONALUM,National Aluminium Company Limited,ALUMINIUM
NAUKRI,Info Edge (India) Limited,ONLINE SERVICES
NAVA,NAVA LIMITED,Utilities
NAVINFLUOR,Navin Fluorine International Limited,Specialty Chemicals
NAVKARCORP,Navkar Corporation Limited,Transport Related Services
NAVNETEDUL,Navneet Education Limited,PRINTING & PUBLICATION
NAZARA,Nazara Technologies Limited,Software Products
NBCC,NBCC (India) Limited,Construction & Engineering
NBIFIN,N. B. I. Industrial Finance Company Limited,NBFC
NCC,NCC Limited,Construction & Engineering
NCLIND,NCL Industries Limited,Cement & Cement Products
NDL,Nandan Denim Limited,Textiles
NDRAUTO,Ndr Auto Components Limited,Auto Parts & Equipment
NDTV,New Delhi Television Limited,Broadcasting & Cable TV
NECCLTD,North Eastern Carrying Corporation Limited,LOGISTICS SOLUTION PROVIDER
NECLIFE,Nectar Lifesciences Limited,Pharmaceuticals
NELCAST,Nelcast Limited, Industrial Products
NELCO,NELCO Limited,Networking Equipment
NEOGEN,Neogen Chemicals Limited,Specialty Chemicals
NESCO,Nesco Limited,Diversified Commercial Services
NESTLEIND,Nestle India Limited,Packaged Foods
NEULANDLAB,Neuland Laboratories Limited,Pharmaceuticals
NEWGEN,Newgen Software Technologies Limited,IT Consulting & Application Software
NEXTMEDIA,Next Mediaworks Limited,MEDIA & ENTERTAINMENT
NFL,National Fertilizers Limited,FERTILIZERS
NGIL,Nakoda Group of Industries Limited,Packaged Foods
NGLFINE,NGL Fine-Chem Limited,Health Technology
NH,Narayana Hrudayalaya Ltd.,Healthcare  - Facilities
NHPC,NHPC Limited,Electric Utilities - GENERATION
NIACL,The New India Assurance Company Limited,General Insurance
NIITLTD,NIIT Limited,IT Training Services
NILKAMAL,Nilkamal Limited,PLASTIC PRODUCTS
NINSYS,NINtec Systems Limited,Technology Services
NIPPOBATRY,Indo-National Limited,Non-Durable Household Products
NITINSPIN,Nitin Spinners Limited,Textiles
NITIRAJ,Nitiraj Engineers Limited,Consumer Electronics
NLCINDIA,NLC India Limited,Electric Utilities
NMDC,NMDC Limited,Mining
NOCIL,NOCIL Limited,Specialty Chemicals
NRAIL,N R Agarwal Industries Limited,Paper & Paper Products
NRBBEARING,NRB Bearing Limited,Industrial Machinery
NRL,Nupur Recyclers Limited,Non-Energy Minerals
NSIL,Nalwa Sons Investments Limited,Fin COS (including NBFCs)
NSLNISP,NMDC Steel Limited,Non-Energy Minerals
NTPC,NTPC Limited,Electric Utilities - GENERATION
NUCLEUS,Nucleus Software Exports Limited,Software Products
NURECA,Nureca Limited,Healthcare  - Supplies
NUVOCO,Nuvoco Vistas Corporation Limited,Cement & Cement Products
NYKAA,FSN E-Commerce Ventures Limited,ONLINE SERVICES
OAL,Oriental Aromatics Limited,Specialty Chemicals
OBCL,Orissa Bengal Carrier Limited,Transportation
OBEROIRLTY,Oberoi Realty Limited,Realty
OCCL,Oriental Carbon & Chemicals Limited,Specialty Chemicals
OFSS,Oracle Financial Services Software Limited,IT Consulting & Application Software
OIL,Oil India Limited,OIL Exploration & Production
OLECTRA,Olectra Greentech Limited,"Construction, Agricultural & Commercial Vehicles"
OMAXE,Omaxe Limited,Realty
OMINFRAL,OM INFRA LIMITED,Construction & Engineering
ONELIFECAP,Onelife Capital Advisors Limited,Financial Services
ONGC,Oil & Natural Gas Corporation Limited,OIL Exploration & Production
ONMOBILE,OnMobile Global Limited,Other Telecom Services
ONWARDTEC,Onward Technologies Limited,IT Consulting & Application Software
OPTIEMUS,Optiemus Infracom Limited,Telecommunications Equipment
ORBTEXP,Orbit Exports Limited,Textiles
ORCHPHARMA,Orchid Pharma Limited,Pharmaceuticals
ORICONENT,Oricon Enterprises Limited,PACKAGING
ORIENTBELL,Orient Bell Limited,"Furniture, Furnishing & Paints"
ORIENTCEM,Orient Cement Limited,Cement & Cement Products
ORIENTELEC,Orient Electric Limited,Consumer Electronics
ORIENTHOT,Oriental Hotels Limited,Hotels
ORIENTLTD,Orient Press Limited,Containers & Packaging
ORIENTPPR,Orient Paper & Industries Limited,Paper & Paper Products
ORISSAMINE,The Orissa Minerals Development Company Limited,Mining
ORTINLAB,Ortin Laboratories Limited,Pharmaceuticals
OSWALAGRO,Oswal Agro Mills Limited,INVESTMENT COMPANIES
OSWALSEEDS,ShreeOswal Seeds And Chemicals Limited,Process Industries
PAGEIND,Page Industries Limited,Other Apparels & Accessories
PAISALO,Paisalo Digital Limited,Fin COS (including NBFCs)
PALASHSECU,Palash Securities Limited,Financial Services
PALREDTEC,Palred Technologies Limited,IT ENABLED SERVICES - SOFTWARE
PANACEABIO,Panacea Biotec Limited,Biotechnology
PANACHE,Panache Digilife Limited,Trading Companies & Distributors
PANAMAPET,Panama Petrochem Limited,Refineries & Petroleum Products
PANSARI,Pansari Developers Limited,RESIDENTIAL/COMMERCIAL/SEZ Project
PAR,Par Drugs And Chemicals Limited,Pharmaceuticals
PARACABLES,Paramount Communications Limited,Other Electrical Equipment/ Products
PARADEEP,Paradeep Phosphates Limited,Process Industries
PARAGMILK,Parag Milk Foods Limited,Packaged Foods
PARAS,Paras Defence and Space Technologies Limited,Defence
PASUPTAC,Pasupati Acrylon Limited,Fibers & Plastics
PATANJALI,Patanjali Foods Limited,Process Industries
PATELENG,Patel Engineering Limited,Construction & Engineering
PATINTLOG,Patel Integrated Logistics Limited,Surface Transportation
PAYTM,One 97 Communications Limited,ONLINE SERVICES
PCBL,PCBL LIMITED,Process Industries
PCJEWELLER,PC Jeweller Limited,Other Apparels & Accessories
PDMJEPAPER,Pudumjee Paper Products Limited,Paper & Paper Products
PDSL,PDS Limited,Consumer Non-Durables
PEARLPOLY,Pearl Polymers Limited,PLASTIC PRODUCTS
PEL,Piramal Enterprises Limited,Financial Services
PENIND,Pennar Industries Limited,Iron & Steel and Intermediary Products
PENINLAND,Peninsula Land Limited,Realty
PERSISTENT,Persistent Systems Limited,IT Consulting & Application Software
PETRONET,Petronet LNG Limited,LPG/CNG/PNG/LNG SUPPLIER
PFC,Power Finance Corporation Limited,Fin COS (including NBFCs)
PFIZER,Pfizer Limited,Pharmaceuticals
PFOCUS,Prime Focus Limited,Movies & Entertainment
PGEL,PG Electroplast Limited,Consumer Electronics
PGHH,Procter & Gamble Hygiene and Health Care Limited,Personal Products
PGHL,Procter & Gamble Health Limited,Pharmaceuticals
PGIL,Pearl Global Industries Limited,Other Apparels & Accessories
PHOENIXLTD,The Phoenix Mills Limited,Realty
PIDILITIND,Pidilite Industries Limited,Specialty Chemicals
PIIND,PI Industries Limited,Agrochemicals
PILANIINVS,Pilani Investment and Industries Corporation Limited,Holding Companies
PITTIENG,Pitti Engineering Limited,Other Electrical Equipment/ Products
PIXTRANS,Pix Transmissions Limited,Producer Manufacturing
PLASTIBLEN,Plastiblends India Limited,Specialty Chemicals
PNB,Punjab National Bank,BANKS - PSU
PNBGILTS,PNB Gilts Limited,Fin COS (including NBFCs)
PNBHOUSING,PNB Housing Finance Limited,Housing Finance Companies
PNC,Pritish Nandy Communications Limited,Movies & Entertainment
PNCINFRA,PNC Infratech Limited,Roads & Highways
POCL,Pondy Oxides & Chemicals Limited,Non-Energy Minerals
PODDARMENT,Poddar Pigments Limited,DYES & PIGMENTS
POKARNA,Pokarna Limited,GRANITES / MARBLES
POLICYBZR,PB Fintech Limited,ONLINE SERVICES
POLYCAB,Polycab India Limited,Other Electrical Equipment/ Products
POLYMED,Poly Medicure Limited,MEDICAL EQUIPMENT & SUPPLIES
POLYPLEX,Polyplex Corporation Limited,Containers & Packaging
PONNIERODE,Ponni Sugars (Erode) Limited,Sugar
POONAWALLA,Poonawalla Fincorp Limited,Fin COS (including NBFCs)
POWERGRID,Power Grid Corporation of India Limited,Electric Utilities - TRANSMISSION
POWERINDIA,Hitachi Energy India Limited,Heavy Electrical Equipment
POWERMECH,Power Mech Projects Limited,Construction & Engineering
PPAP,PPAP Automotive Limited,Auto Parts & Equipment
PPL,Prakash Pipes Limited,PLASTIC PRODUCTS
PPLPHARMA,Piramal Pharma Limited,Health Technology
PRAJIND,Praj Industries Limited,Construction & Engineering
PRAKASH,Prakash Industries Limited,Iron & Steel and Intermediary Products
PRECAM,Precision Camshafts Limited,Auto Parts & Equipment
PRECWIRE,Precision Wires India Limited,Other Electrical Equipment/ Products
PREMEXPLN,Premier Explosives Limited,EXPLOSIVES
PREMIERPOL,Premier Polyfilm Limited,PLASTIC PRODUCTS
PRESTIGE,Prestige Estates Projects Limited,Realty
PRICOLLTD,Pricol Limited,Auto Parts & Equipment
PRIMESECU,Prime Securities Limited,Financial Services
PRINCEPIPE,Prince Pipes And Fittings Limited,PLASTIC PRODUCTS
PRIVISCL,Privi Speciality Chemicals Limited,Specialty Chemicals
PRSMJOHNSN,Prism Johnson Limited,Cement & Cement Products
PRUDENT,Prudent Corporate Advisory Services Limited,Finance
PSB,Punjab & Sind Bank,BANKS - PSU
PSPPROJECT,PSP Projects Limited,Construction & Engineering
PTC,PTC India Limited,Electric Utilities - TRADING
PTCIL,PTC Industries Limited,Producer Manufacturing
PTL,PTL Enterprises Limited,Diversified Commercial Services
PUNJABCHEM,Punjab Chemicals & Crop Protection Limited,Agrochemicals
PURVA,Puravankara Limited,Realty
PVP,PVP Ventures Limited,Realty
QUESS,Quess Corp Limited,Specialized Consumer Services
QUICKHEAL,Quick Heal Technologies Limited,Software Products
RACE,Race Eco Chain Limited,Process Industries
RADHIKAJWE,Radhika Jeweltech Limited,Consumer Durables
RADIANTCMS,Radiant Cash Management Services Limited,Commercial Services
RADICO,Radico Khaitan Limited,Breweries & Distilleries
RADIOCITY,Music Broadcast Limited,Broadcasting & Cable TV
RAILTEL,Railtel Corporation Of India Limited,Telecommunication Services
RAIN,Rain Industries Limited,Petrochemicals
RAINBOW,Rainbow Childrens Medicare Limited,Health Services
RAJESHEXPO,Rajesh Exports Limited,Other Apparels & Accessories
RAJRATAN,Rajratan Global Wire Limited,Tyres & Rubber Products
RAJSREESUG,Rajshree Sugars & Chemicals Limited,Sugar
RALLIS,Rallis India Limited,Agrochemicals
RAMANEWS,Shree Rama Newsprint Limited,Paper & Paper Products
RAMAPHO,Rama Phosphates Limited,Process Industries
RAMASTEEL,Rama Steel Tubes Limited,IRON & STEEL PRODUCTS
RAMCOCEM,The Ramco Cements Limited,Cement & Cement Products
RAMCOIND,Ramco Industries Limited,GRANITES / MARBLES
RAMCOSYS,Ramco Systems Limited,IT Consulting & Application Software
RAMKY,Ramky Infrastructure Limited,Construction & Engineering
RAMRAT,Ram Ratna Wires Limited,Producer Manufacturing
RANASUG,Rana Sugars Limited,Sugar
RANEENGINE,Rane Engine Valve Limited,Auto Parts & Equipment
RANEHOLDIN,Rane Holdings Limited,Auto Parts & Equipment
RATEGAIN,Rategain Travel Technologies Limited,IT Consulting & Application Software
RATNAMANI,Ratnamani Metals & Tubes Limited,IRON & STEEL PRODUCTS
RAYMOND,Raymond Limited,Textiles
RBA,Restaurant Brands Asia Limited,Consumer Services
RBL,Rane Brake Lining Limited,Auto Parts & Equipment
RBLBANK,RBL Bank Limited,BANKS - PVT
RCF,Rashtriya Chemicals and Fertilizers Limited,FERTILIZERS
RECLTD,REC Limited,Fin COS (including NBFCs)
REDINGTON,Redington Limited,Trading Companies & Distributors
REFEX,Refex Industries Limited,Industrial Gases
RELAXO,Relaxo Footwears Limited,Footwear
RELIANCE,Reliance Industries Limited,Refineries & Petroleum Products
RELIGARE,Religare Enterprises Limited,Financial Services
RELINFRA,Reliance Infrastructure Limited,Electric Utilities
RENUKA,Shree Renuka Sugars Limited,Sugar
REPCOHOME,Repco Home Finance Limited,Housing Finance Companies
REPL,Rudrabhishek Enterprises Limited,ENGINEERING / DESIGNING /CONSTRUCTION
REPRO,Repro India Limited,Commercial Printing/ Stationery
RESPONIND,Responsive Industries Limited,"Furniture, Furnishing & Paints"
RGL,Renaissance Global Limited,Other Apparels & Accessories
RHIM,RHI MAGNESITA INDIA LIMITED, Industrial Goods
RICOAUTO,Rico Auto Industries Limited,Auto Parts & Equipment
RIIL,Reliance Industrial Infrastructure Limited,Construction & Engineering
RITCO,Ritco Logistics Limited,Transportation
RITES,RITES Limited,Construction & Engineering
RKEC,RKEC Projects Limited,CONSTRUCTION CIVIL
RKFORGE,Ramkrishna Forgings Limited, Industrial Products
RML,Rane (Madras) Limited,Auto Parts & Equipment
ROHLTD,Royal Orchid Hotels Limited,Hotels
ROLEXRINGS,Rolex Rings Limited,Auto Parts & Equipment
ROML,Raj Oil Mills Limited,Edible Oils
ROSSARI,Rossari Biotech Limited,Specialty Chemicals
ROSSELLIND,Rossell India Limited,Tea & Coffee
ROTO,Roto Pumps Limited,Producer Manufacturing
ROUTE,ROUTE MOBILE LIMITED,Other Telecom Services
RPGLIFE,RPG Life Sciences Limited,Pharmaceuticals
RPPL,Rajshree Polypack Limited,PACKAGING
RPSGVENT,RPSG VENTURES LIMITED,IT Consulting & Application Software
RSWM,RSWM Limited,Textiles
RSYSTEMS,R Systems International Limited,IT ENABLED SERVICES - SOFTWARE
RTNINDIA,RattanIndia Enterprises Limited,Electric Utilities
RUBYMILLS,The Ruby Mills Limited,Textiles
RUCHIRA,Ruchira Papers Limited,Paper & Paper Products
RUPA,Rupa & Company Limited,Other Apparels & Accessories
RUSHIL,Rushil Decor Limited,Forest Products - PLY & BOARDS
RUSTOMJEE,Keystone Realtors Limited,Finance
RVNL,Rail Vikas Nigam Limited,Construction & Engineering
SADBHAV,Sadbhav Engineering Limited,Construction & Engineering
SADHNANIQ,Sadhana Nitrochem Limited,Process Industries
SAFARI,Safari Industries (India) Limited,PLASTIC PRODUCTS
SAGCEM,Sagar Cements Limited,Cement & Cement Products
SAH,Sah Polymers Limited,Process Industries
SAHYADRI,Sahyadri Industries Limited,Non-Energy Minerals
SAIL,Steel Authority of India Limited,STEEL MAJOR
SAKAR,Sakar Healthcare Limited,Pharmaceuticals
SAKHTISUG,Sakthi Sugars Limited,Sugar
SAKSOFT,Saksoft Limited,Software Products
SAKUMA,Sakuma Exports Limited,Trading Companies & Distributors
SALASAR,Salasar Techno Engineering Limited,Construction & Engineering
SALONA,Salona Cotspin Limited,SPINNING-COTTON/BLENDED
SALZERELEC,Salzer Electronics Limited,POWER EQUIPMENT
SANDESH,The Sandesh Limited,PRINTING & PUBLICATION
SANDHAR,Sandhar Technologies Limited,Auto Parts & Equipment
SANDUMA,Sandur Manganese & Iron Ores Limited,Non-Energy Minerals
SANGAMIND,Sangam (India) Limited,Textiles
SANGHIIND,Sanghi Industries Limited,Cement & Cement Products
SANGHVIMOV,Sanghvi Movers Limited,Transport Related Services
SANOFI,Sanofi India Limited,Pharmaceuticals
SANSERA,Sansera Engineering Limited,Auto Parts & Equipment
SAPPHIRE,Sapphire Foods India Limited,Restaurants
SARDAEN,Sarda Energy & Minerals Limited,Iron & Steel and Intermediary Products
SAREGAMA,Saregama India Limited,Movies & Entertainment
SARLAPOLY,Sarla Performance Fibers Limited,Textiles
SASKEN,Sasken Technologies Limited,IT Consulting & Application Software
SASTASUNDR,Sastasundar Ventures Limited,Healthcare  - Services
SATIA,Satia Industries Limited,Paper & Paper Products
SATIN,Satin Creditcare Network Limited,Fin COS (including NBFCs)
SATINDLTD,Sat Industries Limited,Producer Manufacturing
SBC,SBC Exports Limited,Other Apparels & Accessories
SBCL,Shivalik Bimetal Controls Limited,IRON & STEEL PRODUCTS
SBGLP,Suratwwala Business Group Limited,Finance
SBICARD,SBI Cards and Payment Services Limited,Fin COS (including NBFCs)
SBILIFE,SBI Life Insurance Company Limited,Life Insurance
SBIN,State Bank of India,BANKS - PSU
SCHAEFFLER,Schaeffler India Limited,Industrial Machinery
SCHAND,S Chand And Company Limited,PRINTING & PUBLICATION
SCI,Shipping Corporation Of India Limited,Shipping
SCPL,Sheetal Cool Products Limited,Consumer Non-Durables
SDBL,Som Distilleries & Breweries Limited,Breweries & Distilleries
SECURCRED,SecUR Credentials Limited,Commercial Services
SELAN,Selan Exploration Technology Limited,OIL Exploration & Production
SELMC,SEL Manufacturing Company Limited,Textiles
SEPC,SEPC Limited,Industrial Services
SEQUENT,Sequent Scientific Limited,Pharmaceuticals
SESHAPAPER,Seshasayee Paper and Boards Limited,Paper & Paper Products
SFL,Sheela Foam Limited,"Furniture, Furnishing & Paints"
SGIL,Synergy Green Industries Limited, Industrial Products
SGL,STL Global Limited,Textiles
SHAILY,Shaily Engineering Plastics Limited,Process Industries
SHALBY,Shalby Limited,Healthcare  - Facilities
SHALPAINTS,Shalimar Paints Limited,PAINTS
SHANKARA,Shankara Building Products Limited,Specialty Retail
SHANTIGEAR,Shanthi Gears Limited,Industrial Machinery
SHARDACROP,Sharda Cropchem Limited,Agrochemicals
SHARDAMOTR,Sharda Motor Industries Limited,Auto Parts & Equipment
SHAREINDIA,Share India Securities Limited,Financial Services
SHEMAROO,Shemaroo Entertainment Limited,Movies & Entertainment
SHILPAMED,Shilpa Medicare Limited,Pharmaceuticals
SHIVALIK,Shivalik Rasayan Limited,Agrochemicals
SHIVAMAUTO,Shivam Autotech Limited,Auto Parts & Equipment
SHIVAMILLS,Shiva Mills Limited,Textiles
SHK,S H Kelkar and Company Limited,Personal Products
SHOPERSTOP,Shoppers Stop Limited,Department Stores
SHREDIGCEM,Shree Digvijay Cement Co.Ltd,Cement & Cement Products
SHREECEM,SHREE CEMENT LIMITED,Cement & Cement Products
SHREEPUSHK,Shree Pushkar Chemicals & Fertilisers Limited,Specialty Chemicals
SHREYANIND,Shreyans Industries Limited,Paper & Paper Products
SHREYAS,Shreyas Shipping & Logistics Limited,Shipping
SHRIPISTON,Shriram Pistons & Rings Limited,Auto Parts & Equipment
SHRIRAMFIN,Shriram Finance Limited,Finance
SHRIRAMPPS,Shriram Properties Limited,Realty
SHYAMMETL,Shyam Metalics and Energy Limited,Iron & Steel and Intermediary Products
SHYAMTEL,Shyam Telecom Limited,Telecommunications Equipment
SIEMENS,Siemens Limited,Heavy Electrical Equipment
SIGACHI,Sigachi Industries Limited,Pharmaceuticals
SIGIND,Signet Industries Limited,PLASTIC PRODUCTS
SIGMA,Sigma Solve Limited,Technology Services
SILINV,SIL Investments Limited,Financial Services
SILLYMONKS,Silly Monks Entertainment Limited,MEDIA & ENTERTAINMENT
SILVERTUC,Silver Touch Technologies Limited,Technology Services
SIMBHALS,Simbhaoli Sugars Limited,Sugar
SINDHUTRAD,Sindhu Trade Links Limited,Transportation
SINTERCOM,Sintercom India Limited,Auto Parts & Equipment
SIRCA,Sirca Paints India Limited,PAINTS
SIS,SIS LIMITED,Specialized Consumer Services
SIYSIL,Siyaram Silk Mills Limited,Textiles
SJS,S.J.S. Enterprises Limited,Auto Parts & Equipment
SJVN,SJVN Limited,Electric Utilities
SKFINDIA,SKF India Limited, Industrial Goods
SKIPPER,Skipper Limited,Construction & Engineering
SKMEGGPROD,SKM Egg Products Export (India) Limited,Other Food Products
SMARTLINK,Smartlink Holdings Limited,Networking Equipment
SMCGLOBAL,SMC Global Securities Limited,Financial Services
SMLISUZU,SML Isuzu Limited,"Construction, Agricultural & Commercial Vehicles"
SMSLIFE,SMS Lifesciences India Limited,Pharmaceuticals
SMSPHARMA,SMS Pharmaceuticals Limited,Pharmaceuticals
SNOWMAN,Snowman Logistics Limited,LOGISTICS SOLUTION PROVIDER
SOBHA,Sobha Limited,Realty
SOLARA,Solara Active Pharma Sciences Limited,Pharmaceuticals
SOLARINDS,Solar Industries India Limited,EXPLOSIVES
SOMANYCERA,Somany Ceramics Limited,CERAMICS / GRANITES 
SOMATEX,Soma Textiles & Industries Limited,SPINNING-COTTON/BLENDED
SONACOMS,Sona BLW Precision Forgings Limited,Auto Parts & Equipment
SONATSOFTW,Sonata Software Limited,IT Consulting & Application Software
SOTL,Savita Oil Technologies Limited,Refineries & Petroleum Products
SOUTHBANK,The South Indian Bank Limited,BANKS - PVT
SOUTHWEST,South West Pinnacle Exploration Limited,Diversified Commercial Services
SPAL,S. P. Apparels Limited,Other Apparels & Accessories
SPANDANA,Spandana Sphoorty Financial Limited,Fin COS (including NBFCs)
SPCENET,Spacenet Enterprises India Limited,MEDIA & ENTERTAINMENT
SPECIALITY,Speciality Restaurants Limited,Restaurants
SPENCERS,Spencer's Retail Limited,DIVERSIFIED RETAIL
SPIC,Southern Petrochemicals Industries Corporation  Limited,FERTILIZERS
SPLIL,SPL Industries Limited,Other Apparels & Accessories
SPLPETRO,Supreme Petrochem Limited,Process Industries
SPORTKING,Sportking India Limited,Process Industries
SREEL,Sreeleathers Limited,Footwear
SRF,SRF Limited,Diversified Commercial Services
SRGHFL,SRG Housing Finance Limited,Finance
SRHHYPOLTD,Sree Rayalaseema Hi-Strength Hypo Limited,Commodity Chemicals
SSWL,Steel Strips Wheels Limited,Auto Parts & Equipment
STAR,Strides Pharma Science Limited,Pharmaceuticals
STARCEMENT,Star Cement Limited,Cement & Cement Products
STARHEALTH,Star Health and Allied Insurance Company Limited,General Insurance
STARPAPER,Star Paper Mills Limited,Paper & Paper Products
STCINDIA,The State Trading Corporation of India Limited,Trading Companies & Distributors
STEELCAS,Steelcast Limited, Industrial Products
STEELCITY,Steel City Securities Limited,STOCKBROKING AND ALLIED
STEELXIND,STEEL EXCHANGE INDIA LIMITED,Iron & Steel and Intermediary Products
STEL,Stel Holdings Limited,Holding Companies
STERTOOLS,Sterling Tools Limited,Auto Parts & Equipment
STLTECH,Sterlite Technologies Limited,Other Telecom Services
STOVEKRAFT,Stove Kraft Limited,Household Appliances
STYLAMIND,Stylam Industries Limited,Forest Products - PLY & BOARDS
STYRENIX,Styrenix Performance Materials Limited,Process Industries
SUBEXLTD,Subex Limited,Software Products
SUBROS,Subros Limited,Auto Parts & Equipment
SUDARSCHEM,Sudarshan Chemical Industries Limited,Specialty Chemicals
SUKHJITS,Sukhjit Starch & Chemicals Limited,Consumer Non-Durables
SULA,Sula Vineyards Limited,Process Industries
SUMICHEM,Sumitomo Chemical India Limited,Agrochemicals
SUMMITSEC,Summit Securities Limited,INVESTMENT COMPANIES
SUNDARAM,Sundaram Multi Pap Limited,Commercial Printing/ Stationery
SUNDARMFIN,Sundaram Finance Limited,Fin COS (including NBFCs)
SUNDARMHLD,Sundaram Finance Holdings Limited,DIVERSIFIED SERVICES
SUNDRMBRAK,Sundaram Brake Linings Limited,Auto Parts & Equipment
SUNDRMFAST,Sundram Fasteners Limited,Auto Parts & Equipment
SUNFLAG,Sunflag Iron And Steel Company Limited,Iron & Steel and Intermediary Products
SUNPHARMA,Sun Pharmaceutical Industries Limited,Pharmaceuticals
SUNTECK,Sunteck Realty Limited,Realty
SUNTV,Sun TV Network Limited,Broadcasting & Cable TV
SUPERHOUSE,Superhouse Limited,Footwear
SUPRAJIT,Suprajit Engineering Limited,Auto Parts & Equipment
SUPREMEIND,Supreme Industries Limited,PLASTIC PRODUCTS
SUPRIYA,Supriya Lifescience Limited,Health Technology
SURYALAXMI,Suryalakshmi Cotton Mills Limited,Textiles
SURYAROSNI,Surya Roshni Limited,Iron & Steel and Intermediary Products
SURYODAY,Suryoday Small Finance Bank Limited,BANKS - PVT
SUTLEJTEX,Sutlej Textiles and Industries Limited,Textiles
SUVENPHAR,Suven Pharmaceuticals Limited,Pharmaceuticals
SVPGLOB,SVP GLOBAL TEXTILES LIMITED,Textiles
SWANENERGY,Swan Energy Limited,Textiles
SWARAJENG,Swaraj Engines Limited,Industrial Machinery
SWELECTES,Swelect Energy Systems Limited,Heavy Electrical Equipment
SWSOLAR,Sterling and Wilson Renewable Energy Limited,Construction & Engineering
SYMPHONY,Symphony Limited,Consumer Electronics
SYNGENE,Syngene International Limited,Pharmaceuticals
SYRMA,Syrma SGS Technology Limited,Electronic Technology
TAINWALCHM,Tainwala Chemical and Plastic (I) Limited,PLASTIC PRODUCTS
TAJGVK,Taj GVK Hotels & Resorts Limited,Hotels
TAKE,Take Solutions Limited,Pharmaceuticals
TALBROAUTO,Talbros Automotive Components Limited,Auto Parts & Equipment
TANLA,Tanla Platforms Limited,Software Products
TARSONS,Tarsons Products Limited,Healthcare  - Supplies
TASTYBITE,Tasty Bite Eatables Limited,CONSUMER FOOD
TATACHEM,Tata Chemicals Limited,Commodity Chemicals
TATACOMM,Tata Communications Limited,Alternate Carriers
TATACONSUM,TATA CONSUMER PRODUCTS LIMITED,Tea & Coffee
TATAELXSI,Tata Elxsi Limited,Software Products
TATAMOTORS,Tata Motors Limited,"Construction, Agricultural & Commercial Vehicles"
TATAPOWER,Tata Power Company Limited,Electric Utilities - GENERATION
TATASTEEL,Tata Steel Limited,STEEL MAJOR
TATVA,Tatva Chintan Pharma Chem Limited,Specialty Chemicals
TBZ,Tribhovandas Bhimji Zaveri Limited,Other Apparels & Accessories
TCI,Transport Corporation of India Limited,Surface Transportation
TCIEXP,TCI Express Limited,LOGISTICS SOLUTION PROVIDER
TCNSBRANDS,TCNS Clothing Co. Limited,Other Apparels & Accessories
TCPLPACK,TCPL Packaging Limited,Containers & Packaging
TCS,Tata Consultancy Services Limited,COMPUTER SOFTWARE MAJOR
TDPOWERSYS,TD Power Systems Limited,Heavy Electrical Equipment
TEAMLEASE,Teamlease Services Limited,Specialized Consumer Services
TECHM,Tech Mahindra Limited,COMPUTER SOFTWARE MAJOR
TECHNOE,Techno Electric & Engineering Company Limited,Construction & Engineering
TEGA,Tega Industries Limited,Industrial Machinery
TEJASNET,Tejas Networks Limited,Other Telecom Services
TEMBO,Tembo Global Industries Limited,IRON & STEEL PRODUCTS
TEXINFRA,Texmaco Infrastructure & Holdings Limited,Realty
TEXMOPIPES,Texmo Pipes and Products Limited,PLASTIC PRODUCTS
TEXRAIL,Texmaco Rail & Engineering Limited,Construction & Engineering
TFCILTD,Tourism Finance Corporation of India Limited,Financial Institutions
TGBHOTELS,TGB Banquets And Hotels Limited,Hotels
THANGAMAYL,Thangamayil Jewellery Limited,Other Apparels & Accessories
THEJO,Thejo Engineering Limited,Distribution Services
THEMISMED,Themis Medicare Limited,Pharmaceuticals
THERMAX,Thermax Limited,Heavy Electrical Equipment
THOMASCOOK,Thomas Cook  (India)  Limited,Travel Support Services
THYROCARE,Thyrocare Technologies Limited,Healthcare  - Services
TI,Tilaknagar Industries Limited,Breweries & Distilleries
TIDEWATER,Tide Water Oil Company (India) Limited,Oil Marketing & Distribution
TIIL,Technocraft Industries (India) Limited,IRON & STEEL PRODUCTS
TIINDIA,Tube Investments of India Limited,Auto Parts & Equipment
TIMETECHNO,Time Technoplast Limited,PLASTIC PRODUCTS
TIMKEN,Timken India Limited,Industrial Machinery
TIPSINDLTD,TIPS Industries Limited,Movies & Entertainment
TIRUMALCHM,Thirumalai Chemicals Limited,Commodity Chemicals
TITAN,Titan Company Limited,Other Apparels & Accessories
TMB,Tamilnad Mercantile Bank Limited,Finance
TNPETRO,Tamilnadu PetroProducts Limited,Commodity Chemicals
TNPL,Tamil Nadu Newsprint & Papers Limited,Paper & Paper Products
TOKYOPLAST,Tokyo Plast International Limited,PLASTIC PRODUCTS
TORNTPHARM,Torrent Pharmaceuticals Limited,Pharmaceuticals
TORNTPOWER,Torrent Power Limited,Electric Utilities - GENERATION
TOTAL,Total Transport Systems Limited,LOGISTICS SOLUTION PROVIDER
TOUCHWOOD,Touchwood Entertainment Limited,MEDIA & ENTERTAINMENT
TPLPLASTEH,TPL Plastech Limited,PLASTIC PRODUCTS
TRACXN,Tracxn Technologies Limited,Technology Services
TRENT,Trent Limited,Specialty Retail
TRIDENT,Trident Limited,Textiles
TRIGYN,Trigyn Technologies Limited,IT Consulting & Application Software
TRITURBINE,Triveni Turbine Limited,Heavy Electrical Equipment
TRIVENI,Triveni Engineering & Industries Limited,Sugar
TRU,TruCap Finance Limited,Finance
TTKHLTCARE,TTK Healthcare Limited,Pharmaceuticals
TTKPRESTIG,TTK Prestige Limited,Houseware
TTL,T T Limited,Textiles
TTML,Tata Teleservices (Maharashtra) Limited,Telecommunication Services
TVSELECT,TVS Electronics Limited,Storage Media & Peripherals
TVSMOTOR,TVS Motor Company Limited,2/3 Wheelers
TVSSRICHAK,TVS Srichakra Limited,Tyres & Rubber Products
TVTODAY,TV Today Network Limited,Broadcasting & Cable TV
UBL,United Breweries Limited,Breweries & Distilleries
UCOBANK,UCO Bank,BANKS - PSU
UFLEX,UFLEX Limited,Containers & Packaging
UFO,UFO Moviez India Limited,Broadcasting & Cable TV
UGARSUGAR,The Ugar Sugar Works Limited,Sugar
UGROCAP,Ugro Capital Limited,Fin COS (including NBFCs)
UJJIVAN,Ujjivan Financial Services Limited,Fin COS (including NBFCs)
UJJIVANSFB,Ujjivan Small Finance Bank Limited,BANKS - PVT
ULTRACEMCO,UltraTech Cement Limited,Cement & Cement Products
UMANGDAIRY,Umang Dairies Limited,DIARY PRODUCTS
UNICHEMLAB,Unichem Laboratories Limited,Pharmaceuticals
UNIDT,United Drilling Tools Limited, Industrial Goods
UNIENTER,Uniphos Enterprises Limited,TRADING - CHEMICALS
UNIONBANK,Union Bank of India,BANKS - PSU
UNIPARTS,Uniparts India Limited,Distribution Services
UNITEDPOLY,United Polyfab Gujarat Limited,Process Industries
UNITEDTEA,The United Nilgiri Tea Estates Company Limited,Tea & Coffee
UNIVASTU,Univastu India Limited,ENGINEERING / DESIGNING /CONSTRUCTION
UNIVCABLES,Universal Cables Limited,Other Electrical Equipment/ Products
UNIVPHOTO,Universus Photo Imagings Limited,Photographic Products
UNOMINDA,UNO Minda Limited,Producer Manufacturing
UPL,UPL Limited,Agrochemicals
URAVI,Uravi T and Wedge Lamps Limited,Producer Manufacturing
USHAMART,Usha Martin Limited,IRON & STEEL PRODUCTS
UTIAMC,UTI Asset Management Company Limited,Asset Management Companies
UTTAMSUGAR,Uttam Sugar Mills Limited,Sugar
V2RETAIL,V2 Retail Limited,Department Stores
VADILALIND,Vadilal Industries Limited,Packaged Foods
VAIBHAVGBL,Vaibhav Global Limited,Other Apparels & Accessories
VAISHALI,Vaishali Pharma Limited,Pharmaceuticals
VAKRANGEE,Vakrangee Limited,Software Products
VALIANTORG,Valiant Organics Limited,Specialty Chemicals
VARDHACRLC,Vardhman Acrylics Limited,MAN MADE  & BLENDED FIBRES
VARROC,Varroc Engineering Limited,Auto Parts & Equipment
VASCONEQ,Vascon Engineers Limited,Realty
VBL,Varun Beverages Limited,Non-alcoholic Beverages
VEDL,Vedanta Limited,ALUMINIUM
VENKEYS,Venky's (India) Limited,CONSUMER FOOD
VENUSPIPES,Venus Pipes & Tubes Limited,Non-Energy Minerals
VENUSREM,Venus Remedies Limited,Pharmaceuticals
VERANDA,Veranda Learning Solutions Limited,Commercial Services
VESUVIUS,Vesuvius India Limited, Industrial Goods
VETO,Veto Switchgears And Cables Limited,Other Electrical Equipment/ Products
VGUARD,V-Guard Industries Limited,Other Electrical Equipment/ Products
VHL,Vardhman Holdings Limited,Fin COS (including NBFCs)
VIDHIING,Vidhi Specialty Food Ingredients Limited,Specialty Chemicals
VIJAYA,Vijaya Diagnostic Centre Limited,Healthcare  - Services
VIKASECO,Vikas EcoTech Limited,Specialty Chemicals
VIMTALABS,Vimta Labs Limited,Healthcare  - Services
VINATIORGA,Vinati Organics Limited,Commodity Chemicals
VINDHYATEL,Vindhya Telelinks Limited,Telecom Cables
VINYLINDIA,Vinyl Chemicals (India) Limited,Commodity Chemicals
VIPCLOTHNG,VIP Clothing Limited,Other Apparels & Accessories
VIPIND,VIP Industries Limited,Other Apparels & Accessories
VIRINCHI,Virinchi Limited,Technology Services
VISAKAIND,Visaka Industries Limited,Cement & Cement Products
VISHNU,Vishnu Chemicals Limited,Specialty Chemicals
VISHWARAJ,Vishwaraj Sugar Industries Limited,Sugar
VLSFINANCE,VLS Finance Limited,Financial Services
VMART,V-Mart Retail Limited,Department Stores
VOLTAMP,Voltamp Transformers Limited,Heavy Electrical Equipment
VOLTAS,Voltas Limited,Consumer Electronics
VRLLOG,VRL Logistics Limited,LOGISTICS SOLUTION PROVIDER
VSSL,Vardhman Special Steels Limited,IRON & STEEL PRODUCTS
VSTIND,VST Industries Limited,Cigarettes & Tobacco Products
VSTTILLERS,V.S.T Tillers Tractors Limited,"Construction, Agricultural & Commercial Vehicles"
VTL,Vardhman Textiles Limited,Textiles
WABAG,VA Tech Wabag Limited,WASTE / WATER MANAGEMENT
WEALTH,Wealth First Portfolio Managers Limited,Financial Services
WEBELSOLAR,Websol Energy System Limited,Other Electrical Equipment/ Products
WEIZMANIND,Weizmann Limited,Trading Companies & Distributors
WEL,Wonder Electricals Limited,Electronic Technology
WELCORP,Welspun Corp Limited,Construction & Engineering
WELENT,Welspun Enterprises Limited,Construction & Engineering
WELINV,Welspun Investments and Commercials Limited,INVESTMENT COMPANIES
WENDT,Wendt (India) Limited,ABRASIVES
WESTLIFE,WESTLIFE FOODWORLD LIMITED,Restaurants
WEWIN,WE WIN LIMITED,Commercial Services
WHEELS,Wheels India Limited,Auto Parts & Equipment
WHIRLPOOL,Whirlpool of India Limited,Consumer Electronics
WINDLAS,Windlas Biotech Limited,Pharmaceuticals
WINDMACHIN,Windsor Machines Limited,Industrial Machinery
WIPRO,Wipro Limited,COMPUTER SOFTWARE MAJOR
WONDERLA,Wonderla Holidays Limited, Leisure Facilities
WORTH,Worth Peripherals Limited,INVESTMENT COMPANIES
WSI,W S Industries (I) Limited,INDUSTRIAL EQUIPMENT
WSTCSTPAPR,West Coast Paper Mills Limited,Paper & Paper Products
XCHANGING,Xchanging Solutions Limited,BPO / ITeS
XPROINDIA,Xpro India Limited,Containers & Packaging
YASHO,Yasho Industries Limited,Consumer Non-Durables
YESBANK,Yes Bank Limited,BANKS - PVT
YUKEN,Yuken India Limited,Auto Parts & Equipment
ZEEL,Zee Entertainment Enterprises Limited,Broadcasting & Cable TV
ZEEMEDIA,Zee Media Corporation Limited,Broadcasting & Cable TV
ZENITHEXPO,Zenith Exports Limited,Textiles
ZENITHSTL,Zenith Steel Pipes & Industries Limited,IRON & STEEL PRODUCTS
ZENSARTECH,Zensar Technologies Limited,IT Consulting & Application Software
ZENTEC,Zen Technologies Limited,Defence
ZFCVINDIA,ZF Commercial Vehicle Control Systems India Limited,Producer Manufacturing
ZIMLAB,Zim Laboratories Limited,Health Technology
ZODIACLOTH,Zodiac Clothing Company Limited,Other Apparels & Accessories
ZOMATO,Zomato Limited,ONLINE SERVICES
ZOTA,Zota Health Care LImited,Pharmaceuticals
ZUARI,Zuari Agro Chemicals Limited,FERTILIZERS
ZUARIIND,ZUARI INDUSTRIES LIMITED,Process Industries
ZYDUSLIFE,Zydus Lifesciences Limited,Health Technology
ZYDUSWELL,Zydus Wellness Limited,Packaged Foods
